symbol,date,daily_open,daily_high,daily_low,daily_close,daily_high_x_open,daily_close_x_open,previous_realistic_outcome,previous_realistic_return,status,exit_reason,entry_time,exit_time,entry_price,exit_price,minute_return,bars_held,rth_open,rth_high,rth_close
QUBT,2024-11-13,1.440000057220459,3.4200000762939453,1.409999966621399,2.6600000858306885,2.374999958607887,1.8472222084248513,sl_hit,-0.05,ok,tp,2024-11-13 13:57:00-05:00,2024-11-13 14:01:00-05:00,2.88,3.168,0.10000000000000009,4.0,,,
SIDU,2024-12-16,2.240000009536743,6.840000152587891,2.049999952316284,4.579999923706055,3.0535714836905195,2.044642814378045,tp_pulled_back,0.1,ok,tp,2024-12-16 13:39:00-05:00,2024-12-16 13:42:00-05:00,4.48,4.928000000000001,0.10000000000000009,3.0,,,
QUCY,2026-05-14,1.899999976158142,3.9700000286102295,1.6299999952316284,3.0,2.0894737254879816,1.5789473882342313,sl_hit,-0.05,ok,sl,2026-05-14 10:37:00-04:00,2026-05-14 10:37:00-04:00,3.8,3.61,-0.04999999999999993,0.0,,,
QUCY,2026-05-15,2.4609999656677246,4.929999828338623,2.4600000381469727,3.4600000381469727,2.0032506692867846,1.4059325828589342,sl_hit,-0.05,ok,sl,2026-05-15 10:36:00-04:00,2026-05-15 10:37:00-04:00,4.922,4.6758999999999995,-0.050000000000000044,1.0,,,
AIIO,2026-05-14,4.385000228881836,9.199999809265137,3.259999990463257,5.639999866485596,2.098061420537511,1.286202867068899,sl_hit,-0.05,ok,sl,2026-05-14 13:15:00-04:00,2026-05-14 13:15:00-04:00,8.77,8.331499999999998,-0.050000000000000155,0.0,,,
LASE,2024-10-08,4.159999847412109,9.420000076293944,4.159999847412109,7.929999828338623,2.2644231783215143,1.90625002865608,close_red_no_sl,-0.04687498567196,ok,tp,2024-10-08 13:58:00-04:00,2024-10-08 14:54:00-04:00,8.32,9.152000000000001,0.10000000000000009,56.0,,,
LASE,2026-06-02,1.2050000429153442,2.4700000286102295,1.0800000429153442,2.4200000762939453,2.049792481861145,2.0082987469768576,close_green,0.0041493734884288,ok,sl,2026-06-02 14:44:00-04:00,2026-06-02 14:45:00-04:00,2.41,2.2895,-0.050000000000000155,1.0,,,
HCWB,2026-05-20,1.0399999618530271,3.990000009536743,1.0299999713897705,2.430000066757202,3.836538611431805,2.336538611431805,tp_held,0.1,ok,sl,2026-05-20 10:12:00-04:00,2026-05-20 10:12:00-04:00,2.08,1.976,-0.050000000000000044,0.0,,,
AEHL,2025-11-24,7.860000133514404,18.0,7.860000133514404,15.18000030517578,2.2900762969773316,1.931297715943984,close_red_no_sl,-0.034351142028008,ok,sl,2025-11-24 11:22:00-05:00,2025-11-24 11:22:00-05:00,15.72,14.934,-0.050000000000000044,0.0,,,
AEHL,2026-02-26,4.440000057220459,10.4399995803833,3.839999914169311,6.480000019073486,2.3513512265400687,1.4594594449465197,sl_hit,-0.05,ok,sl,2026-02-26 12:22:00-05:00,2026-02-26 12:22:00-05:00,8.8332,8.391539999999999,-0.050000000000000044,0.0,,,
AEHL,2026-05-12,1.2300000190734863,2.5299999713897705,1.2200000286102295,2.109999895095825,2.0569105139490373,1.715447042582333,sl_hit,-0.05,ok,sl,2026-05-12 11:32:00-04:00,2026-05-12 11:32:00-04:00,2.45,2.3275,-0.050000000000000044,0.0,,,
SERV,2024-07-19,4.269999980926514,8.970000267028809,3.9200000762939458,7.550000190734863,2.100702648031975,1.7681499354706434,sl_hit,-0.05,ok,sl,2024-07-19 13:24:00-04:00,2024-07-19 13:56:00-04:00,8.54,8.113,-0.04999999999999993,32.0,,,
MASK,2026-03-31,1.6299999952316284,3.319999933242798,1.6100000143051147,2.2699999809265137,2.036809780954026,1.392638029182288,sl_hit,-0.05,ok,sl,2026-03-31 11:28:00-04:00,2026-03-31 11:28:00-04:00,3.26,3.0969999999999995,-0.050000000000000044,0.0,,,
MASK,2026-05-28,1.8650000095367432,6.730000019073486,1.725000023841858,4.130000114440918,3.608579080246324,2.214477261834862,tp_held,0.1,ok,sl,2026-05-28 10:45:00-04:00,2026-05-28 10:45:00-04:00,3.73,3.5435,-0.050000000000000044,0.0,,,
SBET,2024-12-06,6.239999771118164,13.4399995803833,6.119999885559082,11.279999732971191,2.1538461656024945,1.8076923312049888,sl_hit,-0.05,ok,sl,2024-12-06 12:58:00-05:00,2024-12-06 12:58:00-05:00,12.576,11.9472,-0.050000000000000044,0.0,,,
XOS,2025-02-20,4.429999828338623,9.149999618530272,4.239999771118164,6.25,2.0654627478759484,1.4108352691164616,sl_hit,-0.05,ok,sl,2025-02-20 10:46:00-05:00,2025-02-20 10:46:00-05:00,8.86,8.417,-0.04999999999999993,0.0,,,
NUAI,2025-10-09,1.559999942779541,3.180000066757202,1.5499999523162842,2.8299999237060547,2.038461656024945,1.814102581737075,sl_hit,-0.05,ok,sl,2025-10-09 14:02:00-04:00,2025-10-09 14:02:00-04:00,3.12,2.964,-0.050000000000000044,0.0,,,
MOBX,2026-03-03,4.579999923706055,12.399999618530272,3.849999904632568,11.199999809265137,2.7074235425961346,2.445414846252289,tp_held,0.1,ok,tp,2026-03-03 14:45:00-05:00,2026-03-03 14:57:00-05:00,9.156,10.071600000000002,0.10000000000000009,12.0,,,
GSIT,2025-10-20,7.5,18.149999618530273,7.340000152587891,12.970000267028809,2.41999994913737,1.7293333689371744,sl_hit,-0.05,ok,tp,2025-10-20 10:07:00-04:00,2025-10-20 10:07:00-04:00,15.0,16.5,0.10000000000000009,0.0,,,
MTVA,2025-09-15,7.557000160217285,19.030000686645508,7.501999855041504,16.5,2.5181950884196276,2.183406067246342,tp_pulled_back,0.1,ok,sl,2025-09-15 14:07:00-04:00,2025-09-15 14:07:00-04:00,15.114,14.3583,-0.050000000000000044,0.0,,,
RKTO,2025-01-07,1.6699999570846558,3.799999952316284,1.440000057220459,2.2799999713897705,2.2754491317173455,1.3652694790304072,sl_hit,-0.05,no_data,,,,,,,,,,
VCIG,2026-05-29,5.75,11.579999923706056,5.329999923706055,8.470000267028809,2.013913030209749,1.4730435247006624,sl_hit,-0.05,ok,sl,2026-05-29 14:49:00-04:00,2026-05-29 14:49:00-04:00,11.5,10.924999999999999,-0.050000000000000044,0.0,,,
FOXX,2025-01-30,2.9200000762939453,11.0,2.8499999046325684,6.389999866485596,3.7671231892435992,2.1883560614819446,tp_pulled_back,0.1,ok,sl,2025-01-30 10:03:00-05:00,2025-01-30 10:03:00-05:00,5.84,5.548,-0.04999999999999993,0.0,,,
FOXX,2025-11-21,2.1500000953674316,4.769999980926514,2.1500000953674316,3.5399999618530273,2.218604543880882,1.6465115371299772,sl_hit,-0.05,ok,sl,2025-11-21 11:24:00-05:00,2025-11-21 11:24:00-05:00,4.3,4.085,-0.04999999999999993,0.0,,,
VERU,2026-06-04,2.180000066757202,7.329999923706055,2.109999895095825,4.230000019073486,3.36238518313882,1.9403669218073485,close_red_no_sl,-0.0298165390963257,ok,sl,2026-06-04 12:04:00-04:00,2026-06-04 12:04:00-04:00,4.36,4.142,-0.050000000000000044,0.0,,,
DXST,2026-02-11,4.400000095367432,11.324999809265137,4.400000095367432,7.75,2.573863537227814,1.7613635981871083,sl_hit,-0.05,ok,tp,2026-02-11 14:02:00-05:00,2026-02-11 14:04:00-05:00,8.785,9.6635,0.10000000000000009,2.0,,,
DXST,2026-03-04,2.924999952316284,7.375,2.575000047683716,5.125,2.5213675624711707,1.752136780700305,sl_hit,-0.05,ok,tp,2026-03-04 11:28:00-05:00,2026-03-04 11:32:00-05:00,5.855,6.440500000000001,0.10000000000000009,4.0,,,
DXST,2026-03-06,4.0,9.25,4.0,7.0,2.3125,1.75,sl_hit,-0.05,ok,sl,2026-03-06 10:41:00-05:00,2026-03-06 10:41:00-05:00,8.005,7.60475,-0.050000000000000044,0.0,,,
PCLA,2025-12-23,5.579999923706055,14.100000381469728,5.190000057220459,10.800000190734863,2.526881823343282,1.935483931613005,close_red_no_sl,-0.0322580341934974,ok,sl,2025-12-23 11:36:00-05:00,2025-12-23 11:36:00-05:00,11.16,10.602,-0.04999999999999993,0.0,,,
PCLA,2026-05-26,6.199999809265137,14.100000381469728,6.010000228881836,12.0,2.2741936798770563,1.935483930510365,close_red_no_sl,-0.0322580347448174,ok,tp,2026-05-26 15:44:00-04:00,2026-05-26 15:44:00-04:00,12.4,13.640000000000002,0.10000000000000009,0.0,,,
RMSG,2025-08-06,1.7699999809265137,3.880000114440918,1.7680000066757202,2.309999942779541,2.192090483758037,1.305084727498337,sl_hit,-0.05,ok,sl,2025-08-06 10:03:00-04:00,2025-08-06 10:03:00-04:00,3.54,3.363,-0.050000000000000044,0.0,,,
ERNA,2026-05-12,7.460000038146973,15.880000114440918,7.21999979019165,12.010000228881836,2.128686331533241,1.609919593494407,sl_hit,-0.05,ok,sl,2026-05-12 10:46:00-04:00,2026-05-12 10:46:00-04:00,14.92,14.174,-0.050000000000000044,0.0,,,
LFS,2025-11-11,1.75,12.489999771118164,1.75,11.369999885559082,7.137142726353237,6.497142791748047,tp_held,0.1,ok,tp,2025-11-11 14:49:00-05:00,2025-11-11 14:49:00-05:00,3.5,3.8500000000000005,0.10000000000000009,0.0,,,
LFS,2025-11-18,3.849999904632568,8.767000198364258,3.849999904632568,6.5,2.2771429650726063,1.6883117301324555,sl_hit,-0.05,ok,tp,2025-11-18 11:46:00-05:00,2025-11-18 11:48:00-05:00,7.7,8.47,0.10000000000000009,2.0,,,
PDYN,2024-11-22,2.2200000286102295,5.050000190734863,2.1500000953674316,4.599999904632568,2.27477483137524,2.0720720024099606,tp_pulled_back,0.1,ok,sl,2024-11-22 15:05:00-05:00,2024-11-22 15:05:00-05:00,4.44,4.218,-0.050000000000000044,0.0,,,
STAK,2025-04-14,1.25,2.680000066757202,1.25,2.2200000286102295,2.1440000534057617,1.7760000228881836,sl_hit,-0.05,ok,sl,2025-04-14 15:26:00-04:00,2025-04-14 15:26:00-04:00,2.5,2.375,-0.050000000000000044,0.0,,,
STAK,2026-06-03,1.919999957084656,3.900000095367432,1.919999957084656,3.609999895095825,2.0312500950725147,1.8802083207216729,sl_hit,-0.05,ok,sl,2026-06-03 13:29:00-04:00,2026-06-03 13:29:00-04:00,3.84,3.6479999999999997,-0.050000000000000044,0.0,,,
STAK,2026-06-05,4.170000076293945,8.800000190734863,2.759999990463257,4.929999828338623,2.1103117577292214,1.1822541338464727,sl_hit,-0.05,ok,sl,2026-06-05 10:35:00-04:00,2026-06-05 10:35:00-04:00,8.34,7.922999999999999,-0.050000000000000044,0.0,,,
ABTS,2025-05-09,2.4600000381469727,9.399999618530272,2.4000000953674316,8.40999984741211,3.821137997059116,3.4186990719508494,tp_held,0.1,ok,sl,2025-05-09 15:37:00-04:00,2025-05-09 15:37:00-04:00,4.92,4.6739999999999995,-0.050000000000000044,0.0,,,
ABTS,2026-02-20,2.1500000953674316,5.5,2.059999942779541,3.7300000190734863,2.5581394214124713,1.734883652847483,sl_hit,-0.05,ok,sl,2026-02-20 10:21:00-05:00,2026-02-20 10:21:00-05:00,4.3,4.085,-0.04999999999999993,0.0,,,
ABTS,2026-06-01,1.5800000429153442,3.2300000190734863,1.4199999570846558,2.140000104904175,2.0443037540135993,1.354430409353372,sl_hit,-0.05,ok,sl,2026-06-01 13:30:00-04:00,2026-06-01 13:30:00-04:00,3.16,3.002,-0.050000000000000155,0.0,,,
RYOJ,2025-10-21,4.869999885559082,11.43000030517578,4.550000190734863,9.119999885559082,2.3470227050864914,1.87268995890584,sl_hit,-0.05,ok,sl,2025-10-21 15:36:00-04:00,2025-10-21 15:36:00-04:00,9.7396,9.252619999999999,-0.050000000000000044,0.0,,,
RYOJ,2026-05-22,2.430000066757202,8.100000381469727,2.430000066757202,5.0,3.3333333987430924,2.0576131121973273,tp_pulled_back,0.1,ok,sl,2026-05-22 12:03:00-04:00,2026-05-22 12:03:00-04:00,4.86,4.617,-0.050000000000000044,0.0,,,
VIVO,2025-03-24,1.284999966621399,4.369999885559082,1.100000023841858,3.2200000286102295,3.400778209394787,2.5058366632307796,tp_held,0.1,no_data,,,,,,,,,,
NEXR,2026-05-29,1.5800000429153442,3.2699999809265137,1.3309999704360962,1.3600000143051147,2.0696201848785134,0.8607594793451426,sl_hit,-0.05,ok,sl,2026-05-29 10:36:00-04:00,2026-05-29 10:36:00-04:00,3.16,3.002,-0.050000000000000155,0.0,,,
WCT,2026-06-03,1.5950000286102295,3.609999895095825,1.2899999618530271,2.569999933242798,2.263322777643662,1.6112851957012906,sl_hit,-0.05,ok,sl,2026-06-03 10:36:00-04:00,2026-06-03 10:36:00-04:00,3.19,3.0305,-0.050000000000000044,0.0,,,
INDP,2025-09-26,3.259999990463257,8.569999694824219,3.25,3.490000009536743,2.6288342699063607,1.0705521532964184,sl_hit,-0.05,ok,sl,2025-09-26 12:41:00-04:00,2025-09-26 12:41:00-04:00,6.52,6.193999999999999,-0.050000000000000044,0.0,,,
INDP,2026-06-04,2.140000104904175,5.960000038146973,2.109999895095825,4.75,2.7850466102728766,2.219626059416804,tp_held,0.1,ok,sl,2026-06-04 12:44:00-04:00,2026-06-04 12:46:00-04:00,4.28,4.066,-0.050000000000000044,2.0,,,
SPHL,2025-09-30,3.200000047683716,6.800000190734863,3.0480000972747803,4.455999851226807,2.125000027939677,1.392499932758511,sl_hit,-0.05,ok,sl,2025-09-30 15:41:00-04:00,2025-09-30 15:41:00-04:00,6.4,6.08,-0.050000000000000044,0.0,,,
SPHL,2026-01-15,7.820000171661377,25.11000061035156,6.079999923706055,17.40999984741211,3.210997450018838,2.22634264261318,tp_held,0.1,ok,sl,2026-01-15 11:10:00-05:00,2026-01-15 11:10:00-05:00,15.64,14.858,-0.050000000000000044,0.0,,,
SPHL,2026-06-05,2.390000104904175,10.710000038146973,2.390000104904175,5.349999904632568,4.481171367386355,2.2384935856925714,tp_held,0.1,ok,sl,2026-06-05 10:08:00-04:00,2026-06-05 10:08:00-04:00,4.78,4.541,-0.04999999999999993,0.0,,,
WGRX,2026-05-18,4.449999809265137,10.949999809265137,4.300000190734863,8.699999809265137,2.460674219910449,1.955056220710678,close_red_no_sl,-0.0224718896446609,ok,sl,2026-05-18 11:59:00-04:00,2026-05-18 11:59:00-04:00,8.9,8.455,-0.050000000000000044,0.0,,,
LESL,2026-05-14,1.840000033378601,4.75,1.6699999570846558,3.5,2.581521692300227,1.9021738785370093,close_red_no_sl,-0.0489130607314953,ok,sl,2026-05-14 12:09:00-04:00,2026-05-14 12:09:00-04:00,3.68,3.496,-0.050000000000000044,0.0,,,
BGMS,2025-07-15,4.579999923706055,19.25,4.550000190734863,12.329999923706056,4.203056838573753,2.692139766179044,tp_held,0.1,no_data,,,,,,,,,,
BGMS,2025-07-18,8.0,18.0,8.0,13.06999969482422,2.25,1.6337499618530276,sl_hit,-0.05,no_data,,,,,,,,,,
GXAI,2024-12-10,3.740000009536743,7.5,3.609999895095825,4.989999771118164,2.005347588469389,1.3342245343299486,sl_hit,-0.05,ok,sl,2024-12-10 11:26:00-05:00,2024-12-10 11:26:00-05:00,7.48,7.106,-0.050000000000000044,0.0,,,
JZXN,2026-06-01,1.1699999570846558,2.359999895095825,1.159999966621399,1.340000033378601,2.0170940014188963,1.145299215837189,sl_hit,-0.05,ok,sl,2026-06-01 10:30:00-04:00,2026-06-01 10:30:00-04:00,2.34,2.223,-0.050000000000000044,0.0,,,
ZENA,2024-11-25,1.8899999856948853,7.349999904632568,1.8799999952316284,6.420000076293945,3.888888867864323,3.396825462902605,tp_held,0.1,ok,tp,2024-11-25 13:40:00-05:00,2024-11-25 13:48:00-05:00,3.78,4.158,0.10000000000000009,8.0,,,
ARTV,2025-04-07,2.2899999618530273,4.949999809265137,2.190000057220459,3.309999942779541,2.161572005119024,1.4454148462522889,sl_hit,-0.05,ok,sl,2025-04-07 11:42:00-04:00,2025-04-07 11:42:00-04:00,4.58,4.351,-0.050000000000000044,0.0,,,
BRAI,2026-02-25,4.429999828338623,10.773332595825195,4.429999828338623,8.25,2.43190361473795,1.8623025552337291,sl_hit,-0.05,ok,tp,2026-02-25 10:10:00-05:00,2026-02-25 10:10:00-05:00,8.86,9.746,0.10000000000000009,0.0,,,
BRAI,2026-03-03,5.1666669845581055,10.666666984558104,5.1666669845581055,9.42666721343994,2.064516063535379,1.8245161226016553,sl_hit,-0.05,ok,sl,2026-03-03 14:55:00-05:00,2026-03-03 14:56:00-05:00,10.3334,9.816729999999998,-0.050000000000000155,1.0,,,
BRAI,2026-05-26,8.619999885559082,18.59000015258789,8.449999809265137,12.489999771118164,2.15661257533557,1.4489559091575417,sl_hit,-0.05,ok,sl,2026-05-26 10:43:00-04:00,2026-05-26 10:44:00-04:00,17.24,16.377999999999997,-0.050000000000000155,1.0,,,
SPPL,2024-11-04,2.5999999046325684,10.960000038146973,2.4800000190734863,9.4399995803833,4.21538478467592,3.6307692025540135,tp_held,0.1,ok,sl,2024-11-04 10:07:00-05:00,2024-11-04 10:07:00-05:00,5.2,4.9399999999999995,-0.050000000000000155,0.0,,,
CNCK,2025-12-01,3.640000104904175,9.3100004196167,3.240000009536743,7.880000114440918,2.5576923492593666,2.1648351338848006,tp_pulled_back,0.1,ok,sl,2025-12-01 13:32:00-05:00,2025-12-01 13:32:00-05:00,7.28,6.9159999999999995,-0.050000000000000155,0.0,,,
NAMM,2026-01-21,1.0,2.8299999237060547,1.0,2.259999990463257,2.8299999237060547,2.259999990463257,tp_held,0.1,ok,sl,2026-01-21 12:09:00-05:00,2026-01-21 12:09:00-05:00,2.0,1.9,-0.050000000000000044,0.0,,,
NAMM,2026-01-22,2.140000104904175,5.21999979019165,2.049999952316284,4.150000095367432,2.439252118833607,1.9392522859494257,close_red_no_sl,-0.0303738570252871,ok,sl,2026-01-22 10:48:00-05:00,2026-01-22 10:48:00-05:00,4.28,4.066,-0.050000000000000044,0.0,,,
FWDI,2024-07-11,3.9200000762939458,8.289999961853027,3.910000085830689,4.699999809265137,2.1147958674762517,1.1989795198444535,sl_hit,-0.05,no_data,,,,,,,,,,
XTIA,2025-06-11,3.180000066757202,7.429999828338623,3.049999952316284,5.050000190734863,2.3364778843905336,1.5880503411072533,sl_hit,-0.05,ok,tp,2025-06-11 11:39:00-04:00,2025-06-11 11:40:00-04:00,6.36,6.996000000000001,0.10000000000000009,1.0,,,
ARTL,2026-03-27,7.989999771118164,19.90999984741211,7.449999809265137,10.539999961853027,2.4918648833234944,1.3191489691842635,sl_hit,-0.05,ok,tp,2026-03-27 12:22:00-04:00,2026-03-27 12:22:00-04:00,15.98,17.578000000000003,0.10000000000000009,0.0,,,
VSA,2026-03-26,6.75,16.899999618530273,5.880000114440918,13.699999809265137,2.50370364718967,2.029629601372613,tp_pulled_back,0.1,ok,sl,2026-03-26 14:54:00-04:00,2026-03-26 14:54:00-04:00,13.504,12.8288,-0.050000000000000044,0.0,,,
IVVD,2025-02-05,1.1699999570846558,2.3399999141693115,0.9800000190734864,2.109999895095825,2.0,1.803418779906122,sl_hit,-0.05,ok,sl,2025-02-05 15:40:00-05:00,2025-02-05 15:40:00-05:00,2.34,2.223,-0.050000000000000044,0.0,,,
FATN,2025-04-08,6.5,23.270000457763672,6.5,13.0,3.5800000704251804,2.0,tp_pulled_back,0.1,ok,sl,2025-04-08 11:27:00-04:00,2025-04-08 11:27:00-04:00,13.0,12.35,-0.050000000000000044,0.0,,,
DFDV,2025-04-07,2.0385708808898926,6.924285888671875,1.6557140350341797,5.385714054107666,3.396637298012043,2.6419066928674333,tp_held,0.1,no_data,,,,,,,,,,
DFDV,2025-04-10,4.114285945892334,8.765713691711426,3.885714054107666,6.424285888671875,2.1305552912439243,1.5614582878192569,sl_hit,-0.05,no_data,,,,,,,,,,
SEGG,2025-02-04,3.0399999618530273,7.400000095367432,3.0199999809265137,5.880000114440918,2.4342105882319727,1.9342105882319724,close_red_no_sl,-0.0328947058840137,no_data,,,,,,,,,,
SEGG,2025-02-06,4.900000095367432,15.800000190734863,4.71999979019165,14.100000381469728,3.22448977208644,2.877551042254097,tp_held,0.1,no_data,,,,,,,,,,
SEGG,2025-05-21,7.46999979019165,18.899999618530273,7.0,17.799999237060547,2.530120501923786,2.382864757296582,tp_held,0.1,no_data,,,,,,,,,,
SEGG,2026-01-20,1.2400000095367432,4.650000095367432,1.1200000047683716,1.8200000524520872,3.750000048068262,1.4677419664956524,sl_hit,-0.05,ok,sl,2026-01-20 10:38:00-05:00,2026-01-20 10:38:00-05:00,2.48,2.356,-0.050000000000000044,0.0,,,
CING,2024-07-10,4.5,9.0,4.331999778747559,7.776000022888184,2.0,1.728000005086263,sl_hit,-0.05,ok,sl,2024-07-10 15:59:00-04:00,2024-07-10 15:59:00-04:00,9.0,8.549999999999999,-0.050000000000000155,0.0,,,
EDSA,2026-03-06,3.640000104904175,7.429999828338623,3.549999952316284,6.519999980926514,2.0412086852217883,1.7912087343464944,sl_hit,-0.05,ok,sl,2026-03-06 13:50:00-05:00,2026-03-06 13:56:00-05:00,7.28,6.9159999999999995,-0.050000000000000155,6.0,,,
AIMD,2026-05-26,1.5299999713897705,3.880000114440918,1.4709999561309814,3.1600000858306885,2.5359478346372337,2.065359571843856,tp_pulled_back,0.1,ok,sl,2026-05-26 15:35:00-04:00,2026-05-26 15:35:00-04:00,3.06,2.907,-0.050000000000000044,0.0,,,
VWAV,2025-07-28,4.099999904632568,12.59000015258789,3.2799999713897705,11.0,3.070731815959926,2.682926891674109,tp_held,0.1,ok,sl,2025-07-28 11:25:00-04:00,2025-07-28 11:25:00-04:00,8.2,7.789999999999999,-0.050000000000000044,0.0,,,
TJGC,2026-06-03,2.549999952316284,7.070000171661377,2.299999952316284,6.110000133514404,2.7725491387713026,2.396078528536601,tp_held,0.1,ok,tp_gap,2026-06-03 12:50:00-04:00,2026-06-03 13:10:00-04:00,5.1,6.6,0.2941176470588236,2.0,,,
AGPU,2026-04-01,1.850000023841858,4.170000076293945,1.7899999618530271,3.559999942779541,2.2540540662449233,1.9243242685946351,close_red_no_sl,-0.0378378657026824,ok,sl,2026-04-01 11:25:00-04:00,2026-04-01 11:25:00-04:00,3.7,3.515,-0.050000000000000044,0.0,,,
AIXI,2026-04-07,1.1100000143051147,2.7100000381469727,0.9110000133514404,1.950000047683716,2.4414414443440293,1.7567567770748729,sl_hit,-0.05,ok,sl,2026-04-07 12:34:00-04:00,2026-04-07 12:34:00-04:00,44.4,42.18,-0.04999999999999993,0.0,,,
ELAB,2026-04-01,7.0,14.0,6.559000015258789,14.0,2.0,2.0,close_green,0.0,no_entry,,,,,,,,7.0,12.85,12.47
TYGO,2025-11-21,1.659999966621399,4.5,1.590000033378601,1.7799999713897705,2.710843428002507,1.07228916095258,sl_hit,-0.05,ok,tp,2025-11-21 14:12:00-05:00,2025-11-21 14:12:00-05:00,3.32,3.652,0.10000000000000009,0.0,,,
SKYQ,2025-06-16,6.25600004196167,15.520000457763672,5.855999946594238,7.039999961853027,2.4808184708542815,1.1253196794489666,sl_hit,-0.05,ok,sl,2025-06-16 09:47:00-04:00,2025-06-16 09:47:00-04:00,12.512,11.8864,-0.050000000000000044,0.0,,,
SKK,2024-12-26,7.349999904632568,25.700000762939453,7.289999961853027,13.800000190734863,3.4965987886259997,1.877551070720012,sl_hit,-0.05,ok,tp,2024-12-26 10:04:00-05:00,2024-12-26 10:04:00-05:00,14.7,16.17,0.10000000000000009,0.0,,,
SKK,2026-05-04,1.7649999856948853,17.950000762939453,1.6799999475479126,12.1899995803833,10.169972186074828,6.906515398969856,tp_held,0.1,ok,tp,2026-05-04 11:45:00-04:00,2026-05-04 11:45:00-04:00,3.53,3.883,0.10000000000000009,0.0,,,
FOFO,2025-09-12,5.25,14.899999618530272,4.630000114440918,12.350000381469728,2.838095165434338,2.352381025041853,tp_held,0.1,ok,sl,2025-09-12 14:30:00-04:00,2025-09-12 14:30:00-04:00,10.5,9.975,-0.050000000000000044,0.0,,,
FOFO,2026-06-01,2.140000104904175,5.349999904632568,2.140000104904175,2.9700000286102295,2.499999832884182,1.387850412625667,sl_hit,-0.05,ok,sl,2026-06-01 15:21:00-04:00,2026-06-01 15:21:00-04:00,4.28,4.066,-0.050000000000000044,0.0,,,
QNCX,2026-02-10,2.8299999237060547,6.519999980926514,2.4600000381469727,5.28000020980835,2.3038869811657743,1.8657245060607184,sl_hit,-0.05,ok,sl,2026-02-10 15:04:00-05:00,2026-02-10 15:04:00-05:00,5.668,5.3846,-0.050000000000000044,0.0,,,
CNTN,2025-08-20,1.4149999618530271,4.050000190734863,1.340000033378601,3.5899999141693115,2.8621910246775877,2.537102481238227,tp_held,0.1,no_data,,,,,,,,,,
HYPD,2025-06-17,3.059999942779541,8.210000038146973,3.059999942779541,6.96999979019165,2.6830065985849156,2.2777777518062545,tp_held,0.1,no_data,,,,,,,,,,
EVTV,2026-01-12,1.149999976158142,2.619999885559082,1.0099999904632568,2.509999990463257,2.2782608172843934,2.182608732609308,tp_pulled_back,0.1,ok,tp,2026-01-12 15:43:00-05:00,2026-01-12 15:58:00-05:00,2.3,2.53,0.10000000000000009,15.0,,,
BIRD,2026-04-15,6.820000171661377,24.309999465942383,6.110000133514404,16.989999771118164,3.5645159610047896,2.4912022497763866,tp_held,0.1,ok,sl,2026-04-15 10:33:00-04:00,2026-04-15 10:33:00-04:00,13.64,12.958,-0.050000000000000044,0.0,,,
PROK,2025-07-08,1.2699999809265137,4.920000076293945,1.0199999809265137,3.7300000190734863,3.8740158662873494,2.9370079331436747,tp_held,0.1,ok,tp,2025-07-08 11:13:00-04:00,2025-07-08 11:19:00-04:00,2.54,2.7940000000000005,0.10000000000000009,2.0,,,
TONX,2024-10-11,5.210000038146973,10.869999885559082,5.210000038146973,7.909999847412109,2.0863723236027436,1.518234124663354,sl_hit,-0.05,no_data,,,,,,,,,,
SOBR,2025-04-04,3.2100000381469727,6.800000190734863,3.049999952316284,4.929999828338623,2.118380096549868,1.5358254734428445,sl_hit,-0.05,ok,sl,2025-04-04 10:14:00-04:00,2025-04-04 10:14:00-04:00,6.42,6.098999999999999,-0.050000000000000044,0.0,,,
FRMM,2025-07-17,9.0,23.899999618530273,9.0,18.299999237060547,2.6555555131700306,2.033333248562283,tp_pulled_back,0.1,no_data,,,,,,,,,,
WKEY,2024-12-13,3.299999952316284,8.380000114440918,3.299999952316284,7.840000152587891,2.539394010766261,2.375757656325104,tp_held,0.1,ok,sl,2024-12-13 10:30:00-05:00,2024-12-13 10:30:00-05:00,6.6,6.27,-0.050000000000000044,0.0,,,
UCAR,2026-03-17,7.559999942779541,17.5,6.0,7.21999979019165,2.3148148323352866,0.9550264345024736,sl_hit,-0.05,ok,tp,2026-03-17 09:59:00-04:00,2026-03-17 09:59:00-04:00,15.114,16.625400000000003,0.10000000000000009,0.0,,,
HOLO,2025-05-28,5.730000019073486,11.81999969482422,5.71999979019165,10.399999618530272,2.062827165005046,1.8150086533877363,sl_hit,-0.05,ok,sl,2025-05-28 14:25:00-04:00,2025-05-28 14:25:00-04:00,11.46,10.887,-0.050000000000000044,0.0,,,
PRLD,2025-11-03,1.5800000429153442,4.21999979019165,1.4299999475479126,3.9800000190734863,2.670885870613711,2.518987285424228,tp_held,0.1,ok,sl,2025-11-03 15:33:00-05:00,2025-11-03 15:33:00-05:00,3.16,3.002,-0.050000000000000155,0.0,,,
TURB,2025-09-16,6.230000019073486,20.450000762939453,5.619999885559082,12.399999618530272,3.2825041252537166,1.9903691140556972,close_red_no_sl,-0.0048154429721514,ok,tp,2025-09-16 10:11:00-04:00,2025-09-16 10:12:00-04:00,12.46,13.706000000000001,0.10000000000000009,1.0,,,
TURB,2026-03-03,1.2999999523162842,3.2300000190734863,1.2599999904632568,2.880000114440918,2.4846154904224504,2.2153847846759205,tp_held,0.1,ok,sl,2026-03-03 14:32:00-05:00,2026-03-03 14:35:00-05:00,2.6,2.4699999999999998,-0.050000000000000155,3.0,,,
DGNX,2025-01-28,8.680000305175781,17.799999237060547,8.399999618530273,14.989999771118164,2.0506910842441584,1.7269584382594785,sl_hit,-0.05,ok,sl,2025-01-28 14:13:00-05:00,2025-01-28 14:13:00-05:00,17.36,16.491999999999997,-0.050000000000000155,0.0,,,
BTCS,2024-11-12,1.8592035116933685,4.361216608336018,1.7701990550261228,2.848141670227051,2.345744605636963,1.5319149583753495,sl_hit,-0.05,ok,sl,2024-11-12 11:05:00-05:00,2024-11-12 11:05:00-05:00,3.76,3.5719999999999996,-0.050000000000000044,0.0,,,
BTCS,2025-07-08,2.981648243417161,6.121526419631784,2.9074778445277514,5.844623565673828,2.0530679409104677,1.9601988861622095,close_red_no_sl,-0.0199005569188952,ok,sl,2025-07-08 13:20:00-04:00,2025-07-08 13:22:00-04:00,6.03,5.7285,-0.04999999999999993,2.0,,,
WTF,2025-04-01,4.300000190734863,19.850000381469727,4.050000190734863,19.850000381469727,4.6162789537173,4.6162789537173,tp_held,0.1,ok,sl,2025-04-01 14:13:00-04:00,2025-04-01 14:13:00-04:00,8.58,8.151,-0.050000000000000044,0.0,,,
PLYX,2026-03-10,3.2899999618530273,7.389999866485596,3.2899999618530273,5.96999979019165,2.2462005933651517,1.8145896229218088,sl_hit,-0.05,ok,tp,2026-03-10 13:57:00-04:00,2026-03-10 14:08:00-04:00,6.58,7.238,0.10000000000000009,11.0,,,
EEIQ,2025-07-09,6.71999979019165,14.720000267028809,6.71999979019165,10.079999923706056,2.1904762986025337,1.5000000354789569,sl_hit,-0.05,ok,sl,2025-07-09 09:46:00-04:00,2025-07-09 09:46:00-04:00,13.4496,12.77712,-0.050000000000000044,0.0,,,
EEIQ,2026-03-26,4.789999961853027,12.699999809265137,4.519999980926514,8.4399995803833,2.651356975032647,1.7620041017950778,sl_hit,-0.05,ok,sl,2026-03-26 09:59:00-04:00,2026-03-26 09:59:00-04:00,9.58,9.100999999999999,-0.050000000000000155,0.0,,,
ANTX,2026-03-09,3.0199999809265137,6.909999847412109,2.9700000286102295,5.25,2.288079434123762,1.7384106070058116,sl_hit,-0.05,ok,sl,2026-03-09 12:12:00-04:00,2026-03-09 12:18:00-04:00,6.04,5.7379999999999995,-0.050000000000000044,6.0,,,
