entry_date,exit_date,entry_price,exit_price,gross_return,exit_reason,hold_days,symbol,trigger_date,trigger_intraday_ret,trigger_vol_ratio
2025-06-27,2025-06-27,7.550000190734863,7.17250018119812,-0.050000000000000044,sl_intraday,0,QS,2025-06-26,0.3444639751206653,6.732129593408065
2026-02-19,2026-02-19,1.2649999856948853,1.2017499864101409,-0.050000000000000155,sl_intraday,0,RXT,2026-02-18,0.37412240080101,18.33216270361903
2026-05-11,2026-05-11,5.630000114440918,5.348500108718872,-0.050000000000000044,sl_intraday,0,RXT,2026-05-08,0.4241244471997785,6.572284894637702
2024-08-20,2024-08-20,3.680000066757202,3.4960000634193418,-0.050000000000000044,sl_intraday,0,SIDU,2024-08-19,0.4059040181359996,15.633598899987868
2024-12-17,2024-12-17,5.579999923706055,5.300999927520752,-0.050000000000000044,sl_intraday,0,SIDU,2024-12-16,1.044642814378045,19.093295536831658
2025-12-11,2025-12-11,1.149999976158142,1.0924999773502349,-0.050000000000000155,sl_intraday,0,SIDU,2025-12-10,0.3294117218070389,10.381251214839086
2025-12-22,2025-12-22,1.9450000524520874,1.847750049829483,-0.050000000000000044,sl_intraday,0,SIDU,2025-12-19,0.315192662546828,5.390366203618443
2026-04-06,2026-04-06,3.0,3.3000000000000003,0.10000000000000009,tp_intraday,0,SIDU,2026-04-02,0.5373133974279973,5.9582482874349685
2025-01-31,2025-01-31,3.390000104904175,3.220500099658966,-0.050000000000000044,sl_intraday,0,DGXX,2025-01-30,0.3260869922018983,5.21522246359321
2026-05-14,2026-05-14,1.899999976158142,1.804999977350235,-0.050000000000000044,sl_intraday,0,QUCY,2026-05-13,1.2905984316743782,19.3221682401398
2026-05-15,2026-05-15,2.4609999656677246,2.7070999622344973,0.10000000000000009,tp_intraday,0,QUCY,2026-05-14,0.5789473882342313,6.544278121174952
2025-04-14,2025-04-14,2.4100000858306885,2.289500081539154,-0.050000000000000044,sl_intraday,0,CRML,2025-04-11,0.3757961870492399,6.372765742436683
2025-06-16,2025-06-16,2.299999952316284,2.1849999547004697,-0.050000000000000155,sl_intraday,0,CRML,2025-06-13,0.3012820806729028,5.158933230956806
2025-06-17,2025-06-17,2.7200000286102295,2.584000027179718,-0.04999999999999993,sl_intraday,0,CRML,2025-06-16,0.3173913192208191,9.549102806021398
2025-04-07,2025-04-07,6.960000038146973,6.612000036239624,-0.050000000000000044,sl_intraday,0,AIIO,2025-04-04,0.2181818300042273,15.258913872470718
2026-04-01,2026-04-01,1.600000023841858,1.7600000262260438,0.10000000000000009,tp_intraday,0,AIIO,2026-03-31,0.3209877151884039,8.862031613104847
2026-05-15,2026-05-15,4.304999828338623,4.089749836921691,-0.050000000000000155,sl_intraday,0,AIIO,2026-05-14,0.2862028670688989,5.7711696125463785
2024-07-15,2024-07-15,1.409999966621399,1.339499968290329,-0.04999999999999993,sl_intraday,0,SATL,2024-07-12,0.3027522143124856,9.72214346470088
2024-11-21,2024-11-21,1.3200000524520874,1.254000049829483,-0.050000000000000044,sl_intraday,0,SATL,2024-11-20,0.306930757342525,6.507415254237288
2024-12-02,2024-12-02,2.0199999809265137,1.918999981880188,-0.050000000000000044,sl_intraday,0,SATL,2024-11-29,0.3873240057378286,5.546396001854809
2025-01-28,2025-01-28,1.3799999952316284,1.3109999954700469,-0.050000000000000044,sl_intraday,0,SLS,2025-01-27,0.3428571720512559,5.0228587375685
2024-10-09,2024-10-09,9.390000343322754,8.920500326156615,-0.050000000000000155,sl_intraday,0,LASE,2024-10-08,0.9062500286560802,10.653189177333042
2026-06-03,2026-06-03,3.515000104904175,3.339250099658966,-0.050000000000000044,sl_intraday,0,LASE,2026-06-02,1.0082987469768576,18.507674223211794
2026-03-11,2026-03-11,3.200000047683716,3.04000004529953,-0.050000000000000044,sl_intraday,0,CODX,2026-03-10,0.8884121199321213,13.762245168122847
2024-08-09,2024-08-09,2.869999885559082,2.726499891281128,-0.04999999999999993,sl_intraday,0,APPS,2024-08-08,0.3779905419688014,12.891447754992887
2025-02-07,2025-02-07,4.639999866485596,4.407999873161316,-0.050000000000000044,sl_intraday,0,APPS,2025-02-06,0.5593749052379295,13.698724791438645
2025-06-18,2025-06-18,7.679999828338623,7.295999836921691,-0.050000000000000044,sl_intraday,0,APPS,2025-06-17,0.3610108328107346,9.426439038169123
2025-07-24,2025-07-24,3.3550000190734863,3.187250018119812,-0.050000000000000044,sl_intraday,0,REPL,2025-07-23,0.2171532943574066,5.114857230431791
2025-11-17,2025-11-17,3.0199999809265137,2.868999981880188,-0.050000000000000044,sl_intraday,0,HCWB,2025-11-14,0.2195121762110985,14.566401340594888
2026-05-21,2026-05-21,2.1700000762939453,2.061500072479248,-0.050000000000000044,sl_intraday,0,HCWB,2026-05-20,1.3365386114318043,5.502725774926581
2026-02-27,2026-02-27,5.820000171661377,5.529000163078308,-0.050000000000000044,sl_intraday,0,AEHL,2026-02-26,0.4594594449465197,19.012762257846305
2026-05-11,2026-05-11,1.1699999570846558,1.1114999592304229,-0.050000000000000044,sl_intraday,0,AEHL,2026-05-08,0.212121248610128,19.704620016116195
2025-04-25,2025-04-25,9.34000015258789,8.873000144958496,-0.050000000000000044,sl_intraday,0,PONY,2025-04-24,0.238952537846705,5.843277484622697
2025-07-14,2025-07-14,1.3200000524520874,1.254000049829483,-0.050000000000000044,sl_intraday,0,SLNH,2025-07-11,0.4112148751795241,7.287292945435486
2025-09-23,2025-09-23,2.9600000381469727,2.812000036239624,-0.050000000000000044,sl_intraday,0,SLNH,2025-09-22,0.7355370565513089,7.5989721248341935
2026-04-21,2026-04-21,1.6299999952316284,1.548499995470047,-0.050000000000000044,sl_intraday,0,SLNH,2026-04-20,0.3084111285320068,8.8668934409169
2024-07-22,2024-07-22,11.289999961853027,10.725499963760376,-0.050000000000000044,sl_intraday,0,SERV,2024-07-19,0.7681499354706434,18.955478300116145
2026-04-01,2026-04-01,2.2300000190734863,2.118500018119812,-0.050000000000000044,sl_intraday,0,MASK,2026-03-31,0.3926380291822879,19.231170614025334
2026-05-29,2026-05-29,4.900000095367432,4.65500009059906,-0.050000000000000044,sl_intraday,0,MASK,2026-05-28,1.2144772618348618,12.069849195642982
2025-01-30,2025-01-30,5.760000228881836,5.472000217437744,-0.050000000000000044,sl_intraday,0,SBET,2025-01-29,0.2105263267967951,11.06688272039829
2025-05-27,2025-05-27,33.93000030517578,32.23350028991699,-0.050000000000000044,sl_intraday,0,SBET,2025-05-23,0.6842104697067086,12.039066388411062
2025-08-27,2025-08-27,3.1500000953674316,3.465000104904175,0.10000000000000009,tp_intraday,0,RR,2025-08-26,0.2549801224445636,6.322360968421968
2025-02-21,2025-02-21,5.5,5.225,-0.050000000000000044,sl_intraday,0,XOS,2025-02-20,0.4108352691164616,19.52854144848306
2026-01-27,2026-01-27,2.880000114440918,2.736000108718872,-0.050000000000000044,sl_intraday,0,XOS,2026-01-26,0.2337662230429602,7.385359501441727
2024-09-26,2024-09-26,8.399999618530273,7.979999637603759,-0.050000000000000044,sl_intraday,0,RZLV,2024-09-25,0.4135337853904808,5.057209331973483
2024-12-18,2024-12-18,3.9100000858306885,3.714500081539154,-0.050000000000000044,sl_intraday,0,RZLV,2024-12-17,0.5161289613739941,7.097569997612272
2025-06-25,2025-06-25,3.049999952316284,2.8974999547004696,-0.050000000000000155,sl_intraday,0,RZLV,2025-06-24,0.2300884881065523,7.139766307343762
2024-10-04,2024-10-04,9.675000190734863,10.64250020980835,0.10000000000000009,tp_intraday,0,TIGR,2024-10-03,0.2385444051064502,5.280153975653338
2026-06-02,2026-06-02,4.164999961853027,3.956749963760376,-0.050000000000000044,sl_intraday,0,ANY,2026-06-01,0.2701421893771225,19.325340528013367
2025-04-17,2025-04-17,7.429999828338623,7.058499836921691,-0.050000000000000044,sl_intraday,0,HTZ,2025-04-16,0.3111366275864584,6.127939671301929
2025-04-25,2025-04-25,3.5,3.3249999999999997,-0.050000000000000044,sl_intraday,0,TMC,2025-04-24,0.4302326226118405,5.309259766550443
2025-01-21,2025-01-21,3.930000066757202,3.733500063419342,-0.050000000000000044,sl_intraday,0,GSIT,2025-01-17,0.3210702458478287,19.1560721544438
2026-05-21,2026-05-21,2.5999999046325684,2.46999990940094,-0.050000000000000044,sl_intraday,0,MTVA,2026-05-20,0.4670051080877269,8.295956949476432
2025-01-08,2025-01-08,1.7999999523162842,1.7099999547004698,-0.050000000000000044,sl_intraday,0,RKTO,2025-01-07,0.3652694790304072,19.489163079544905
2025-03-05,2025-03-05,1.2599999904632568,1.196999990940094,-0.050000000000000044,sl_intraday,0,RKTO,2025-03-04,0.3611415931542725,12.663421418636997
2025-06-05,2025-06-05,1.690000057220459,1.605500054359436,-0.050000000000000044,sl_intraday,0,RKTO,2025-06-04,0.7000000132454769,17.920471733518326
2026-05-28,2026-05-28,2.0199999809265137,1.918999981880188,-0.050000000000000044,sl_intraday,0,RKTO,2026-05-27,0.581395339166364,18.21364171882252
2024-11-25,2024-11-25,0.9769999980926514,0.9281499981880188,-0.050000000000000044,sl_intraday,0,AMPG,2024-11-22,0.4588234997125653,9.19748427672956
2025-04-17,2025-04-21,1.5700000524520874,1.491500049829483,-0.050000000000000044,sl_intraday,1,AMPG,2025-04-16,0.2671756023891363,8.739075436982521
2026-05-19,2026-05-19,3.750999927520752,3.563449931144714,-0.050000000000000044,sl_intraday,0,AMPG,2026-05-18,0.2627986223149532,8.112577618021374
2025-12-12,2025-12-12,7.400000095367432,7.03000009059906,-0.050000000000000044,sl_intraday,0,ATPC,2025-12-11,0.5126050905052983,16.382075634408086
2026-05-26,2026-05-26,1.6549999713897705,1.572249972820282,-0.050000000000000044,sl_intraday,0,VCIG,2026-05-22,0.5555555710473408,18.532389784961907
2026-05-27,2026-05-27,3.430000066757202,3.258500063419342,-0.050000000000000044,sl_intraday,0,VCIG,2026-05-26,0.7522659489426964,14.00190651069008
2026-03-18,2026-03-18,8.9399995803833,8.492999601364135,-0.050000000000000155,sl_intraday,0,MRLN,2026-03-17,0.2611731739400762,5.322785345629918
2024-09-25,2024-09-25,8.5,9.350000000000001,0.10000000000000009,tp_intraday,0,WVE,2024-09-24,0.2776910725964878,11.898970717849592
2025-01-31,2025-01-31,5.789999961853027,5.500499963760376,-0.050000000000000044,sl_intraday,0,FOXX,2025-01-30,1.1883560614819446,19.56886059767619
2025-07-18,2025-07-18,5.989999771118164,5.690499782562256,-0.050000000000000044,sl_intraday,0,FOXX,2025-07-17,0.2962184410951867,6.239249413604378
2025-11-24,2025-11-24,3.4000000953674316,3.23000009059906,-0.050000000000000044,sl_intraday,0,FOXX,2025-11-21,0.6465115371299772,19.894680973260296
2026-06-04,2026-06-04,5.079999923706055,5.587999916076661,0.10000000000000009,tp_intraday,0,FOXX,2026-06-03,0.2380952233507369,19.610465424826195
2024-12-26,2024-12-26,2.8350000381469727,2.693250036239624,-0.04999999999999993,sl_intraday,0,ABAT,2024-12-24,0.3197968867375007,5.883639282361195
2025-04-30,2025-04-30,1.559999942779541,1.481999945640564,-0.050000000000000044,sl_intraday,0,ABAT,2025-04-29,0.2857141998492554,6.790015678449259
2024-11-15,2024-11-15,7.0,6.6499999999999995,-0.050000000000000044,sl_intraday,0,OMER,2024-11-14,0.5723981197512853,15.02571956693953
2026-06-05,2026-06-05,4.21999979019165,4.0089998006820675,-0.050000000000000044,sl_intraday,0,VERU,2026-06-04,0.9403669218073484,19.725147515494967
2025-02-05,2025-02-05,2.25,2.1374999999999997,-0.050000000000000155,sl_intraday,0,ATAI,2025-02-04,0.2096774100513041,5.44014842933612
2026-02-12,2026-02-12,6.0,5.699999999999999,-0.050000000000000155,sl_intraday,0,DXST,2026-02-11,0.7613635981871085,14.192059923732192
2026-03-05,2026-03-05,3.799999952316284,4.179999947547913,0.10000000000000009,tp_intraday,0,DXST,2026-03-04,0.752136780700305,13.851082520936949
2026-03-09,2026-03-09,6.949999809265137,6.6024998188018795,-0.050000000000000044,sl_intraday,0,DXST,2026-03-06,0.75,5.792903993195451
2026-06-03,2026-06-03,4.659999847412109,4.426999855041504,-0.050000000000000044,sl_intraday,0,DXST,2026-06-02,0.6666665863910515,17.49123969097817
2026-05-22,2026-05-22,6.130000114440918,5.823500108718871,-0.050000000000000155,sl_intraday,0,PCLA,2026-05-21,0.3043478080590869,19.962412558523823
2025-07-24,2025-07-24,2.4000000953674316,2.28000009059906,-0.050000000000000044,sl_intraday,0,RMSG,2025-07-23,0.2376344236945509,5.666003976143141
2025-08-07,2025-08-07,2.059999942779541,1.9569999456405638,-0.050000000000000044,sl_intraday,0,RMSG,2025-08-06,0.305084727498337,18.73467805821273
2025-10-16,2025-10-16,2.6500000953674316,2.915000104904175,0.10000000000000009,tp_intraday,0,RMSG,2025-10-15,0.3894737568588478,9.013664423943956
2026-04-14,2026-04-14,2.799999952316284,2.65999995470047,-0.050000000000000044,sl_intraday,0,RMSG,2026-04-13,1.8511087344782464,12.673828357511146
2026-06-05,2026-06-05,3.265000104904175,3.101750099658966,-0.050000000000000044,sl_intraday,0,RMSG,2026-06-04,0.2457531185109072,9.397506440861829
2026-04-02,2026-04-02,4.829999923706055,4.588499927520751,-0.050000000000000155,sl_intraday,0,AUUD,2026-04-01,0.235827663908724,5.919623343860855
2024-08-09,2024-08-09,1.25,1.1875,-0.050000000000000044,sl_intraday,0,PGEN,2024-08-08,0.3368421019609615,5.78250320145582
2024-11-25,2024-11-25,5.199999809265137,4.93999981880188,-0.050000000000000044,sl_intraday,0,CADL,2024-11-22,0.2028639362827209,5.326178330013013
2026-04-17,2026-04-17,7.599999904632568,7.21999990940094,-0.050000000000000044,sl_intraday,0,CMND,2026-04-16,0.2518741058409763,5.722371692631556
2025-12-11,2025-12-11,2.7699999809265137,2.631499981880188,-0.04999999999999993,sl_intraday,0,ASTI,2025-12-10,0.3478261119952306,9.053384996232914
2025-12-16,2025-12-16,3.75,3.5625,-0.050000000000000044,sl_intraday,0,ASTI,2025-12-15,0.2246696362208589,8.39879678827737
2026-01-23,2026-01-23,7.579999923706055,7.200999927520751,-0.050000000000000044,sl_intraday,0,ASTI,2026-01-22,0.5099777377323866,5.923476482147577
2026-04-16,2026-04-16,6.110000133514404,6.721000146865845,0.10000000000000009,tp_intraday,0,ASTI,2026-04-15,0.5820895929578032,9.433931011636092
2024-11-26,2024-11-26,3.4200000762939453,3.249000072479248,-0.050000000000000044,sl_intraday,0,DPRO,2024-11-25,0.2039215649608829,5.801616615812858
2024-12-02,2024-12-02,4.699999809265137,4.464999818801879,-0.050000000000000155,sl_intraday,0,DPRO,2024-11-29,0.3874172462527625,12.417326378776243
2025-07-17,2025-07-17,5.934999942779541,6.528499937057496,0.10000000000000009,tp_intraday,0,DPRO,2025-07-16,0.200463443719016,9.988854314706089
2025-07-18,2025-07-21,5.385000228881836,6.130000114440918,0.1383472337778855,tp_gap,1,DPRO,2025-07-17,0.2165121920473522,5.600686405913651
2026-02-17,2026-02-17,4.0,4.4,0.10000000000000009,tp_intraday,0,ATOM,2026-02-13,0.410071984401593,14.095082768492611
2026-02-18,2026-02-18,5.489999771118164,5.215499782562255,-0.050000000000000044,sl_intraday,0,ATOM,2026-02-17,0.4325000047683716,9.349084616863555
2026-04-27,2026-04-27,8.5,8.075,-0.050000000000000044,sl_intraday,0,ATOM,2026-04-24,0.3230769817645733,12.56177054879563
2026-04-17,2026-04-17,4.760000228881836,5.23600025177002,0.10000000000000009,tp_intraday,0,WNW,2026-04-16,0.5027026678716471,11.980072180782368
2026-05-01,2026-05-01,3.8299999237060547,4.212999916076661,0.10000000000000009,tp_intraday,0,WNW,2026-04-30,0.3070094990137411,5.991711146120022
2024-10-29,2024-10-29,2.1600000858306885,2.052000081539154,-0.04999999999999993,sl_intraday,0,PRCH,2024-10-28,0.3974359914866223,14.70370777517785
2024-11-11,2024-11-11,3.5999999046325684,3.4199999094009397,-0.050000000000000044,sl_intraday,0,PRCH,2024-11-08,0.2569443547615333,5.515061929761965
2025-02-27,2025-02-27,6.635000228881836,6.303250217437744,-0.050000000000000044,sl_intraday,0,PRCH,2025-02-26,0.3608247493630783,11.733172322537902
2026-04-24,2026-04-24,1.2100000381469727,1.33100004196167,0.10000000000000009,tp_intraday,0,AMST,2026-04-23,0.3333333333333332,18.39432486954202
2025-11-19,2025-11-19,5.900000095367432,5.60500009059906,-0.04999999999999993,sl_intraday,0,LFS,2025-11-18,0.6883117301324555,8.58941037650031
2026-01-15,2026-01-15,2.7899999618530273,2.650499963760376,-0.050000000000000044,sl_intraday,0,LFS,2026-01-14,0.2024291474528161,9.5276617954071
2024-10-09,2024-10-09,2.690000057220459,2.555500054359436,-0.050000000000000044,sl_intraday,0,PDYN,2024-10-08,0.462765961156921,18.12538164054549
2024-11-25,2024-11-25,5.5,5.225,-0.050000000000000044,sl_intraday,0,PDYN,2024-11-22,1.0720720024099606,16.961232396343238
2024-11-27,2024-11-27,6.380000114440918,6.061000108718872,-0.050000000000000044,sl_intraday,0,PDYN,2024-11-26,0.7004717989042641,5.135492502022276
2024-11-04,2024-11-05,9.260000228881836,9.640000343322754,0.04103672840694994,time_exit,1,VIR,2024-11-01,0.2969188238150111,6.5301588012632426
2025-07-24,2025-07-24,1.600000023841858,1.520000022649765,-0.050000000000000044,sl_intraday,0,PUSA,2025-07-23,1.9843750145519157,19.25915779212712
2025-02-18,2025-02-18,2.1700000762939453,2.38700008392334,0.10000000000000009,tp_intraday,0,ALLO,2025-02-14,0.3246753327177798,9.38033843852259
2025-02-19,2025-02-19,2.7300000190734863,2.593500018119812,-0.050000000000000044,sl_intraday,0,ALLO,2025-02-18,0.3087556748014644,9.257644043590169
2024-08-19,2024-08-19,9.670000076293945,9.186500072479248,-0.050000000000000044,sl_intraday,0,MRVI,2024-08-16,0.2130326167968697,6.3712568197874955
2025-04-15,2025-04-15,1.6799999475479126,1.5959999501705169,-0.050000000000000044,sl_intraday,0,STAK,2025-04-14,0.7760000228881836,18.318157616642207
2026-03-03,2026-03-03,1.1050000190734863,1.049750018119812,-0.04999999999999993,sl_intraday,0,STAK,2026-03-02,1.1031744558149237,19.924900461568676
2026-05-04,2026-05-04,1.0499999523162842,0.9974999547004699,-0.050000000000000044,sl_intraday,0,STAK,2026-05-01,0.4146341179751835,16.68822301806096
2026-05-13,2026-05-13,1.9500000476837158,2.1450000524520876,0.10000000000000009,tp_intraday,0,STAK,2026-05-12,0.8623852378219785,6.6744637447116695
2026-06-03,2026-06-03,1.9199999570846558,2.1119999527931217,0.10000000000000009,tp_intraday,0,STAK,2026-06-02,0.5833332505491078,9.036374190863189
2026-06-04,2026-06-04,3.3399999141693115,3.673999905586243,0.10000000000000009,tp_intraday,0,STAK,2026-06-03,0.8802083207216731,5.429521555469007
2025-10-16,2025-10-16,6.059999942779541,5.756999945640564,-0.050000000000000044,sl_intraday,0,SANA,2025-10-15,0.3126385312316693,6.534777380146956
2025-12-17,2025-12-17,8.86400032043457,8.420800304412841,-0.050000000000000044,sl_intraday,0,EDHL,2025-12-16,0.3674999569728976,11.57205566451854
2026-05-22,2026-05-22,3.0199999809265137,2.868999981880188,-0.050000000000000044,sl_intraday,0,EDHL,2026-05-21,0.237288222919765,18.932603241991508
2025-10-10,2025-10-13,3.0799999237060547,2.9100000858306885,-0.055194753924153184,sl_gap,1,TRAW,2025-10-09,0.2371542094214165,5.300249465431219
2025-11-17,2025-11-17,2.1600000858306885,2.052000081539154,-0.04999999999999993,sl_intraday,0,TRAW,2025-11-14,0.2400000435965401,14.897378991581226
2025-05-12,2025-05-12,4.210000038146973,3.999500036239624,-0.050000000000000044,sl_intraday,0,ABTS,2025-05-09,2.4186990719508494,18.183419641908003
2025-07-03,2025-07-03,5.119999885559082,4.863999891281128,-0.050000000000000044,sl_intraday,0,ABTS,2025-07-02,0.2235577738673053,5.299262899262899
2025-09-22,2025-09-22,7.010000228881836,7.71100025177002,0.10000000000000009,tp_intraday,0,ABTS,2025-09-19,0.2824868485640355,5.638118584341965
2026-02-23,2026-02-23,2.809999942779541,2.6694999456405637,-0.050000000000000044,sl_intraday,0,ABTS,2026-02-20,0.7348836528474829,19.936097088111993
2026-06-02,2026-06-02,3.200000047683716,3.04000004529953,-0.050000000000000044,sl_intraday,0,ABTS,2026-06-01,0.3544304093533719,19.613746563501373
2025-09-08,2025-09-08,4.909999847412109,4.6644998550415036,-0.050000000000000044,sl_intraday,0,XMAX,2025-09-05,0.5770609876442774,12.328715691737411
2026-04-20,2026-04-20,2.380000114440918,2.261000108718872,-0.050000000000000155,sl_intraday,0,BZAI,2026-04-17,0.2444443764182962,5.456893933973494
2025-05-16,2025-05-16,2.140000104904175,2.033000099658966,-0.050000000000000044,sl_intraday,0,CABA,2025-05-15,0.2928571240026121,10.59352766036848
2025-11-03,2025-11-03,3.559999942779541,3.3819999456405636,-0.050000000000000044,sl_intraday,0,CABA,2025-10-31,0.38314177785179,5.227358248182408
2026-05-05,2026-05-06,3.7899999618530273,4.21999979019165,0.11345642022866542,tp_gap,1,CABA,2026-05-04,0.2040238700394638,9.086088919141618
2025-10-22,2025-10-22,6.539999961853027,6.212999963760375,-0.050000000000000044,sl_intraday,0,RYOJ,2025-10-21,0.8726899589058399,6.598700275479015
2026-05-01,2026-05-01,3.109999895095825,2.954499900341034,-0.050000000000000044,sl_intraday,0,RYOJ,2026-04-30,0.469565297615327,13.670425609312478
2026-05-26,2026-05-26,4.119999885559082,3.9139998912811276,-0.050000000000000044,sl_intraday,0,RYOJ,2026-05-22,1.0576131121973271,15.5192039486792
2025-10-03,2025-10-03,5.050000190734863,4.79750018119812,-0.050000000000000044,sl_intraday,0,TSHA,2025-10-02,0.2094176701321954,11.91943092561331
2024-11-25,2024-11-25,1.840000033378601,2.0240000367164614,0.10000000000000009,tp_intraday,0,VUZI,2024-11-22,0.3359375596628537,5.086644410567144
2024-11-26,2024-11-26,2.380000114440918,2.261000108718872,-0.050000000000000155,sl_intraday,0,VUZI,2024-11-25,0.2228260647737916,5.855476163894161
2025-09-23,2025-09-23,3.3499999046325684,3.6849998950958254,0.10000000000000009,tp_intraday,0,VUZI,2025-09-22,0.2754716953971541,6.219461074086625
2024-11-15,2024-11-15,1.059999942779541,1.0069999456405638,-0.050000000000000155,sl_intraday,0,VIVO,2024-11-14,0.7197451958468093,12.89340322809159
2025-03-25,2025-03-25,2.809999942779541,2.6694999456405637,-0.050000000000000044,sl_intraday,0,VIVO,2025-03-24,1.5058366632307796,9.585507543539704
2025-03-27,2025-03-27,4.675000190734863,4.44125018119812,-0.050000000000000044,sl_intraday,0,VIVO,2025-03-26,0.2628398491235344,10.007640239059889
2026-02-17,2026-02-17,2.184999942779541,2.0757499456405637,-0.050000000000000155,sl_intraday,0,VIVO,2026-02-13,0.416107303081056,6.898353251873044
2026-03-31,2026-03-31,2.2100000381469727,2.099500036239624,-0.04999999999999993,sl_intraday,0,NEXR,2026-03-30,0.2270916077324749,9.330104923325262
2026-06-05,2026-06-05,1.3200000524520874,1.254000049829483,-0.050000000000000044,sl_intraday,0,NEXR,2026-06-04,0.2479999542236328,9.695351796364772
2026-02-12,2026-02-12,7.699999809265137,7.31499981880188,-0.050000000000000044,sl_intraday,0,WCT,2026-02-11,0.2340424927503845,12.527706375626815
2026-05-27,2026-05-27,2.140000104904175,2.033000099658966,-0.050000000000000044,sl_intraday,0,WCT,2026-05-26,0.3109756793421274,10.058803182289864
2026-06-04,2026-06-04,2.0,1.9,-0.050000000000000044,sl_intraday,0,WCT,2026-06-03,0.6112851957012906,18.51536979964999
2025-08-08,2025-08-08,2.6700000762939453,2.536500072479248,-0.04999999999999993,sl_intraday,0,CCCC,2025-08-07,0.2899999618530273,5.031103494302499
2025-09-16,2025-09-16,3.6050000190734863,3.424750018119812,-0.050000000000000044,sl_intraday,0,CCCC,2025-09-15,0.2704626355655704,5.763232001025309
2026-06-05,2026-06-05,3.2200000286102295,3.0590000271797178,-0.050000000000000044,sl_intraday,0,INDP,2026-06-04,1.2196260594168038,19.140161462892713
2024-10-17,2024-10-17,5.039999961853027,4.787999963760376,-0.050000000000000044,sl_intraday,0,LTBR,2024-10-16,0.3490304784149616,7.343478972344951
2024-10-21,2024-10-21,9.3100004196167,8.844500398635864,-0.050000000000000044,sl_intraday,0,LTBR,2024-10-18,0.5543236969235863,8.702854790782121
2024-08-09,2024-08-09,9.039999961853027,8.587999963760376,-0.04999999999999993,sl_intraday,0,IPWR,2024-08-08,0.2696629363980927,6.083810672294242
2025-08-15,2025-08-15,4.980000019073486,4.731000018119812,-0.04999999999999993,sl_intraday,0,IPWR,2025-08-14,0.3467532652508938,11.390248323364148
2026-01-28,2026-01-29,4.429999828338623,4.872999811172486,0.10000000000000009,tp_intraday,1,IPWR,2026-01-27,0.2246574447669083,6.304999211480839
2024-08-22,2024-08-22,7.570000171661377,7.191500163078308,-0.050000000000000044,sl_intraday,0,RILY,2024-08-21,0.4370503333357631,7.418741652396189
2025-02-25,2025-02-25,4.380000114440918,4.161000108718872,-0.050000000000000044,sl_intraday,0,RILY,2025-02-24,0.2303522741061532,10.126276354810534
2025-02-27,2025-02-27,6.949999809265137,6.6024998188018795,-0.050000000000000044,sl_intraday,0,RILY,2025-02-26,0.3270587921142578,5.550335000659343
2025-12-17,2025-12-17,6.119999885559082,5.813999891281128,-0.050000000000000044,sl_intraday,0,RILY,2025-12-16,0.2093022763479999,12.40409087667615
2025-06-16,2025-06-16,1.899999976158142,1.804999977350235,-0.050000000000000044,sl_intraday,0,HOVR,2025-06-13,0.3955223568565578,7.446854939177769
2025-05-05,2025-05-05,5.409999847412109,5.139499855041504,-0.04999999999999993,sl_intraday,0,FULC,2025-05-02,0.2743764353772095,7.236500294413079
2025-08-29,2025-09-02,4.559999942779541,5.0159999370574955,0.10000000000000009,tp_intraday,1,LTRX,2025-08-28,0.2046632698812533,6.974959497484581
2025-06-12,2025-06-12,4.639999866485596,4.407999873161316,-0.050000000000000044,sl_intraday,0,SPHL,2025-06-11,0.2250531617132907,10.38104588481559
2025-11-06,2025-11-06,4.671999931335449,4.438399934768676,-0.050000000000000155,sl_intraday,0,SPHL,2025-11-05,0.3136363913451345,6.154867816549412
2025-12-08,2025-12-08,4.940000057220459,4.693000054359436,-0.050000000000000044,sl_intraday,0,SPHL,2025-12-05,0.3727273561409365,6.482570969111697
2024-09-17,2024-09-17,2.740000009536743,3.0140000104904177,0.10000000000000009,tp_intraday,0,IMRX,2024-09-16,0.4137930669990277,5.925370251416097
2025-06-20,2025-06-20,2.9549999237060547,2.807249927520752,-0.050000000000000044,sl_intraday,0,IMRX,2025-06-18,0.3381642851490904,6.418821108265806
2025-08-22,2025-08-25,4.679999828338623,5.147999811172486,0.10000000000000009,tp_intraday,1,IMRX,2025-08-21,0.2479784546723229,9.966135166199964
2024-11-20,2024-11-20,5.25,4.9875,-0.050000000000000044,sl_intraday,0,PRFX,2024-11-19,0.2280702165325974,19.757472899089816
2025-05-14,2025-05-14,3.0950000286102295,2.940250027179718,-0.050000000000000044,sl_intraday,0,MVST,2025-05-13,0.24399995803833,6.1170904142496445
2026-05-19,2026-05-19,6.449999809265137,7.094999790191651,0.10000000000000009,tp_intraday,0,WGRX,2026-05-18,0.955056220710678,14.4892497305752
2026-01-07,2026-01-07,3.569999933242798,3.926999926567078,0.10000000000000009,tp_intraday,0,ODYS,2026-01-06,0.2350993518646149,5.308506754289887
2025-02-20,2025-02-20,2.809999942779541,2.6694999456405637,-0.050000000000000044,sl_intraday,0,EDIT,2025-02-19,0.7204301199315943,10.014733659989682
2026-05-27,2026-05-27,3.244999885559082,3.5694998741149906,0.10000000000000009,tp_intraday,0,EDIT,2026-05-26,0.2520324698962628,6.178456504302756
2025-05-07,2025-05-07,6.489999771118164,6.1654997825622555,-0.050000000000000044,sl_intraday,0,TDUP,2025-05-06,0.2170686651717512,7.808422509873888
2024-10-04,2024-10-04,6.130000114440918,6.74300012588501,0.10000000000000009,tp_intraday,0,EVGO,2024-10-03,0.2465483151237035,13.911346064499044
2026-05-11,2026-05-12,7.300000190734863,8.03000020980835,0.10000000000000009,tp_intraday,1,KDK,2026-05-08,0.2217538103350798,7.713588283157038
2026-05-15,2026-05-15,3.880000114440918,3.686000108718872,-0.050000000000000044,sl_intraday,0,LESL,2026-05-14,0.9021738785370093,18.535608473858904
2025-10-14,2025-10-14,4.090000152587891,3.885500144958496,-0.050000000000000044,sl_intraday,0,PSIG,2025-10-13,0.2978141772152229,17.25223440028736
2026-02-03,2026-02-03,6.130000114440918,5.823500108718871,-0.050000000000000155,sl_intraday,0,PSIG,2026-02-02,0.3388773667009639,9.336297237218163
2026-02-09,2026-02-09,1.0399999618530273,1.1439999580383302,0.10000000000000009,tp_intraday,0,BGMS,2026-02-06,0.2613636594542787,14.896494942366502
2026-05-11,2026-05-12,8.305000305175781,8.649999618530273,0.04154115601169628,time_exit,1,WEST,2026-05-08,0.2008733824496438,8.201459830361555
2026-01-08,2026-01-09,1.6399999856948853,1.690000057220459,0.030487848757137836,time_exit,1,OLPX,2026-01-07,0.2222221829763662,7.825723041476728
2025-04-17,2025-04-17,1.2549999952316284,1.192249995470047,-0.050000000000000044,sl_intraday,0,AREC,2025-04-16,0.819672111925404,6.526038431718087
2025-07-08,2025-07-09,3.2200000286102295,3.0590000271797178,-0.050000000000000044,sl_intraday,1,SHMD,2025-07-07,0.2583025969853334,7.178964533224623
2026-05-13,2026-05-13,4.050000190734863,3.8475001811981198,-0.050000000000000044,sl_intraday,0,BWEN,2026-05-12,0.852941023260436,16.443449218156974
2025-10-09,2025-10-09,7.579999923706055,7.200999927520751,-0.050000000000000044,sl_intraday,0,KYTX,2025-10-08,0.2006688637855656,8.188319133983503
2024-08-22,2024-08-22,2.9000000953674316,2.75500009059906,-0.04999999999999993,sl_intraday,0,GXAI,2024-08-21,0.2489959370218761,16.760574075480296
2024-12-09,2024-12-09,3.640000104904175,4.004000115394593,0.10000000000000009,tp_intraday,0,GXAI,2024-12-06,0.3065326091319107,12.893250302459531
2025-08-20,2025-08-20,1.8799999952316284,1.785999995470047,-0.050000000000000044,sl_intraday,0,GXAI,2025-08-19,0.2046783022366729,19.85616958348284
2026-03-03,2026-03-03,4.699999809265137,4.464999818801879,-0.050000000000000155,sl_intraday,0,NCT,2026-03-02,0.2648648442448795,10.72769862165092
2026-04-02,2026-04-02,2.6600000858306885,2.527000081539154,-0.050000000000000155,sl_intraday,0,NCT,2026-04-01,0.5588235417864311,6.026794852324576
2024-08-20,2024-08-20,3.490000009536743,3.315500009059906,-0.050000000000000044,sl_intraday,0,BCDA,2024-08-19,0.2232415973490771,6.518105849582173
2025-04-30,2025-04-30,3.049999952316284,2.8974999547004696,-0.050000000000000155,sl_intraday,0,BCDA,2025-04-29,0.2103174505560545,5.786969485504028
2024-11-13,2024-11-13,9.75,10.725000000000001,0.10000000000000009,tp_intraday,0,ALT,2024-11-12,0.2454068128141289,6.297181933231213
2025-06-27,2025-06-27,3.640000104904175,3.4580000996589657,-0.050000000000000044,sl_intraday,0,ALT,2025-06-26,0.2114093530167871,10.151975182239951
2025-07-23,2025-07-23,5.71999979019165,5.433999800682067,-0.050000000000000044,sl_intraday,0,DNUT,2025-07-22,0.2591463873370077,7.626893101482572
2024-10-22,2024-10-22,6.039999961853027,5.737999963760376,-0.050000000000000044,sl_intraday,0,INM,2024-10-21,0.2608696328219047,11.465076660988077
2025-05-15,2025-05-15,3.390000104904175,3.220500099658966,-0.050000000000000044,sl_intraday,0,INM,2025-05-14,0.2824427640686078,15.79873257287706
2026-03-12,2026-03-13,2.299999952316284,2.5299999475479127,0.10000000000000009,tp_intraday,1,OCGN,2026-03-11,0.2499999514092579,5.27081890378522
2026-02-09,2026-02-09,1.659999966621399,1.5769999682903288,-0.050000000000000044,sl_intraday,0,JZXN,2026-02-06,0.2846153987229933,8.169221569113637
2026-02-11,2026-02-11,2.4000000953674316,2.28000009059906,-0.050000000000000044,sl_intraday,0,JZXN,2026-02-10,0.5495495392292364,14.569092217939682
2025-12-15,2025-12-15,1.8700000047683716,1.7765000045299528,-0.050000000000000044,sl_intraday,0,CGC,2025-12-12,0.2563177050670919,5.968587500892134
2026-04-23,2026-04-23,1.5099999904632568,1.434499990940094,-0.050000000000000044,sl_intraday,0,CGC,2026-04-22,0.2000000207320507,5.322657619391656
2024-11-26,2024-11-26,12.1899995803833,11.580499601364135,-0.050000000000000044,sl_intraday,0,ZENA,2024-11-25,2.396825462902605,17.734178902664304
2025-03-13,2025-03-13,4.630000114440918,4.3985001087188715,-0.050000000000000155,sl_intraday,0,ZENA,2025-03-12,0.5923346180800042,12.957698815566836
2025-08-04,2025-08-04,6.010000228881836,5.709500217437744,-0.050000000000000044,sl_intraday,0,FDMT,2025-08-01,0.2159090570428168,16.293543342729574
2025-11-11,2025-11-11,3.444999933242798,3.2727499365806576,-0.050000000000000155,sl_intraday,0,IOTR,2025-11-10,0.2189542773930097,5.343607248632097
2026-01-14,2026-01-14,3.1700000762939453,3.011500072479248,-0.050000000000000044,sl_intraday,0,IOTR,2026-01-13,0.2329192525888592,19.64044678907194
2024-07-10,2024-07-10,3.690000057220459,4.059000062942506,0.10000000000000009,tp_intraday,0,RLMD,2024-07-09,0.285266404730105,5.162405829319501
2025-09-02,2025-09-02,1.1299999952316284,1.073499995470047,-0.04999999999999993,sl_intraday,0,RLMD,2025-08-29,0.3493976232396072,15.48687271518777
2025-11-05,2025-11-05,2.549999952316284,2.804999947547913,0.10000000000000009,tp_intraday,0,RLMD,2025-11-04,0.2533936348929144,17.255376098792468
2025-04-08,2025-04-08,2.9000000953674316,2.75500009059906,-0.04999999999999993,sl_intraday,0,ARTV,2025-04-07,0.4454148462522889,15.590956787179245
2025-12-16,2025-12-16,6.170000076293945,5.861500072479248,-0.050000000000000044,sl_intraday,0,ARTV,2025-12-15,0.5403422874565484,19.06225372738282
2025-08-13,2025-08-13,2.049999952316284,2.2549999475479128,0.10000000000000009,tp_intraday,0,IHRT,2025-08-12,0.2453987590971131,8.75688051383643
2024-09-12,2024-09-12,4.130000114440918,4.54300012588501,0.10000000000000009,tp_intraday,0,WOOF,2024-09-11,0.3691274824134296,6.141797694406802
2024-07-19,2024-07-19,4.739999771118164,4.502999782562256,-0.050000000000000044,sl_intraday,0,GNTA,2024-07-18,0.2777777851363761,18.501274426508072
2025-07-02,2025-07-02,3.109999895095825,3.420999884605408,0.10000000000000009,tp_intraday,0,GNTA,2025-07-01,0.3356643613145333,13.162603052096124
2024-12-18,2024-12-18,1.850000023841858,1.757500022649765,-0.050000000000000044,sl_intraday,0,NRXP,2024-12-17,0.3015873000855469,5.456197439039851
2025-01-02,2025-01-02,2.115000009536743,2.3265000104904177,0.10000000000000009,tp_intraday,0,NRXP,2024-12-31,0.4193549131379561,11.318703281768398
2025-01-03,2025-01-03,3.130000114440918,2.9735001087188717,-0.050000000000000155,sl_intraday,0,NRXP,2025-01-02,0.4137115820588837,6.3738240809916595
2026-04-09,2026-04-09,2.5999999046325684,2.46999990940094,-0.050000000000000044,sl_intraday,0,CLIK,2026-04-08,0.4583332091569949,10.69823673307787
2026-04-10,2026-04-10,3.0999999046325684,2.9449999094009396,-0.050000000000000155,sl_intraday,0,CLIK,2026-04-09,0.3269231439342184,13.866154316556903
2024-12-27,2024-12-27,3.700000047683716,3.51500004529953,-0.050000000000000044,sl_intraday,0,VERI,2024-12-26,0.2584268910432483,5.076149310987952
2025-09-10,2025-09-10,3.9000000953674316,3.70500009059906,-0.050000000000000044,sl_intraday,0,VERI,2025-09-09,0.3568904656154905,5.367983417164181
2024-12-17,2024-12-17,4.710000038146973,4.474500036239624,-0.050000000000000044,sl_intraday,0,LRMR,2024-12-16,0.2227847760504133,6.359113428943937
2026-02-26,2026-02-27,5.400000095367432,5.309999942779541,-0.016666694629339007,time_exit,1,LRMR,2026-02-25,0.625682969872035,9.67858608215683
2024-11-05,2024-11-05,12.800000190734863,12.16000018119812,-0.050000000000000044,sl_intraday,0,SPPL,2024-11-04,2.6307692025540135,19.53200124071872
2024-12-27,2024-12-27,8.5600004196167,8.132000398635864,-0.050000000000000044,sl_intraday,0,SPPL,2024-12-26,0.4092140868879066,8.04874547397636
2025-03-05,2025-03-06,3.312000036239624,3.680000066757202,0.11111111910958726,tp_gap,1,SPPL,2025-03-04,0.2097186363524457,7.254816492668651
2025-04-09,2025-04-09,3.4800000190734863,3.306000018119812,-0.050000000000000044,sl_intraday,0,SPPL,2025-04-08,0.3368421299195583,5.373085283297032
2025-07-11,2025-07-11,3.5899999141693115,3.4104999184608458,-0.050000000000000044,sl_intraday,0,SPPL,2025-07-10,0.2277580490877562,6.930461250292671
2026-05-21,2026-05-21,5.28000020980835,5.808000230789185,0.10000000000000009,tp_intraday,0,MLGO,2026-05-20,0.4142480705708935,8.964238869051957
2025-05-23,2025-05-23,7.0,6.6499999999999995,-0.050000000000000044,sl_intraday,0,CNCK,2025-05-22,0.201298746537512,5.150310559006211
2025-12-02,2025-12-02,6.130000114440918,5.823500108718871,-0.050000000000000155,sl_intraday,0,CNCK,2025-12-01,1.1648351338848006,19.616092011716574
2026-05-21,2026-05-21,3.5299999713897705,3.8829999685287477,0.10000000000000009,tp_intraday,0,BDTX,2026-05-20,0.2162161683235146,6.169667407142746
2026-03-11,2026-03-11,3.4200000762939453,3.249000072479248,-0.050000000000000044,sl_intraday,0,MGNX,2026-03-10,0.4173553548023017,10.691576957091884
2024-10-28,2024-10-29,1.5499999523162842,1.7049999475479127,0.10000000000000009,tp_intraday,1,ACRS,2024-10-25,0.3000000916994569,12.07893698639336
2024-11-19,2024-11-19,3.7100000381469727,4.08100004196167,0.10000000000000009,tp_intraday,0,ACRS,2024-11-18,0.2921810776303626,10.932709543270954
2024-11-20,2024-11-20,4.440000057220459,4.218000054359436,-0.050000000000000044,sl_intraday,0,ACRS,2024-11-19,0.2371967939063552,10.102483615163274
2026-01-21,2026-01-21,4.239999771118164,4.663999748229981,0.10000000000000009,tp_intraday,0,ACRS,2026-01-20,0.5016948327905877,13.151464554998784
2025-05-01,2025-05-02,6.559999942779541,6.559999942779541,0.0,time_exit,1,ABEO,2025-04-30,0.2170686651717512,6.882924897216907
2026-02-09,2026-02-09,9.399999618530273,8.929999637603759,-0.050000000000000155,sl_intraday,0,FGL,2026-02-06,0.3611111736591967,5.148634796384307
2024-08-12,2024-08-12,4.039999961853027,3.837999963760376,-0.050000000000000044,sl_intraday,0,AIRS,2024-08-09,0.2437499874271453,5.673965936739659
2025-06-11,2025-06-12,5.190000057220459,4.9305000543594355,-0.050000000000000155,sl_intraday,1,AIRS,2025-06-10,0.2248804056994591,6.3327601354649286
2025-01-07,2025-01-07,6.519999980926514,6.193999981880188,-0.050000000000000044,sl_intraday,0,SGMT,2025-01-06,0.3165048707294489,6.991573327253208
2024-12-27,2024-12-30,2.0999999046325684,2.1700000762939453,0.033333416590618725,time_exit,1,GEVO,2024-12-26,0.3076923312049888,5.7667622863903745
2026-01-22,2026-01-22,2.140000104904175,2.3540001153945926,0.10000000000000009,tp_intraday,0,NAMM,2026-01-21,1.2599999904632568,19.563180184360725
2026-01-23,2026-01-23,4.800000190734863,4.56000018119812,-0.050000000000000044,sl_intraday,0,NAMM,2026-01-22,0.9392522859494256,9.53314143751907
2024-09-13,2024-09-13,6.010000228881836,5.709500217437744,-0.050000000000000044,sl_intraday,0,TWAV,2024-09-12,0.5721154331102898,17.02736586136856
2025-07-24,2025-07-24,1.0,1.1,0.10000000000000009,tp_intraday,0,PALI,2025-07-23,0.418604660833636,15.397978237074238
2025-10-02,2025-10-02,1.5199999809265137,1.4439999818801879,-0.050000000000000044,sl_intraday,0,PALI,2025-10-01,0.2476190497815744,17.30941397962608
2025-06-17,2025-06-18,4.191418376067951,4.610560213674746,0.10000000000000009,tp_intraday,1,ILPT,2025-06-16,0.2379603175573401,5.120721289961967
2025-04-07,2025-04-07,7.389999866485596,7.020499873161316,-0.050000000000000044,sl_intraday,0,FWDI,2025-04-04,0.3152804816995989,10.15513237343242
2025-06-12,2025-06-12,5.03000020980835,5.5330002307891855,0.10000000000000009,tp_intraday,0,XTIA,2025-06-11,0.5880503411072533,13.719204615942791
2026-04-20,2026-04-21,1.559999942779541,1.7159999370574952,0.10000000000000009,tp_intraday,1,IFRX,2026-04-17,0.3249999751647323,8.264369851172189
2025-08-12,2025-08-12,3.819999933242798,4.201999926567078,0.10000000000000009,tp_intraday,0,TLS,2025-08-11,0.3484320696428173,13.129417594741922
2025-08-13,2025-08-14,5.320000171661377,5.019999980926514,-0.056391011476448205,sl_gap,1,TLS,2025-08-12,0.3717277127463005,6.313817480572428
2026-02-05,2026-02-05,2.450000047683716,2.6950000524520874,0.10000000000000009,tp_intraday,0,EGHT,2026-02-04,0.2200000286102295,11.679730998493415
2025-07-10,2025-07-11,7.96999979019165,8.0,0.003764141856724912,time_exit,1,RXST,2025-07-09,0.2354312167765466,10.980222290040263
2025-08-18,2025-08-19,5.769999980926514,6.346999979019166,0.10000000000000009,tp_intraday,1,KPTI,2025-08-15,0.2676659485179247,7.317172081286892
2025-10-09,2025-10-10,5.610000133514404,5.5,-0.019607866469959268,time_exit,1,KPTI,2025-10-08,0.2421052832352488,12.713216046752295
2026-02-13,2026-02-13,8.979999542236328,8.530999565124512,-0.04999999999999993,sl_intraday,0,KPTI,2026-02-12,0.3303571219499006,5.341341302491656
2024-10-02,2024-10-02,3.4833269252286287,3.309160578967197,-0.050000000000000044,sl_intraday,0,LX,2024-10-01,0.2062937672129259,5.5795907815039145
2024-11-27,2024-11-29,4.199999809265137,4.440000057220459,0.05714291877487354,time_exit,1,CDZI,2024-11-26,0.2500000338662755,5.474980974743565
2026-04-06,2026-04-06,6.599999904632568,7.2599998950958256,0.10000000000000009,tp_intraday,0,VSA,2026-04-02,0.4107143228827152,5.4693405032611295
2024-11-07,2024-11-07,7.630000114440918,7.248500108718872,-0.050000000000000044,sl_intraday,0,CTKB,2024-11-06,0.2374582059807339,6.101531275068684
2026-03-13,2026-03-13,2.499000072479248,2.3740500688552855,-0.050000000000000044,sl_intraday,0,OCG,2026-03-12,0.299093655226436,13.090183390501933
2026-04-17,2026-04-17,2.190000057220459,2.4090000629425052,0.10000000000000009,tp_intraday,0,OCG,2026-04-16,0.2063492003421874,5.954885020424937
2026-04-28,2026-04-28,1.8899999856948853,1.7954999864101409,-0.050000000000000044,sl_intraday,0,OCG,2026-04-27,0.2298136655160625,5.682217593173697
2025-03-25,2025-03-25,4.190000057220459,3.9805000543594358,-0.050000000000000044,sl_intraday,0,LXEO,2025-03-24,0.3678930232584101,8.046272344808829
2025-09-25,2025-09-26,6.519999980926514,6.769999980926514,0.038343558394378086,time_exit,1,LXEO,2025-09-24,0.2201492162211813,6.813829237185895
2026-05-12,2026-05-12,0.9399999976158142,1.0339999973773957,0.10000000000000009,tp_intraday,0,PRSO,2026-05-11,0.2105263267967951,14.556812266338556
2024-11-04,2024-11-04,5.71999979019165,5.433999800682067,-0.050000000000000044,sl_intraday,0,NAGE,2024-11-01,0.4223301690017413,17.620109730882568
2025-03-06,2025-03-06,8.390000343322754,7.970500326156616,-0.050000000000000044,sl_intraday,0,NAGE,2025-03-05,0.2742176068744142,13.820192350308028
2025-01-06,2025-01-06,2.7699999809265137,2.631499981880188,-0.04999999999999993,sl_intraday,0,MBOT,2025-01-03,0.8135594915501321,13.240077117040853
2025-02-04,2025-02-04,1.2599999904632568,1.196999990940094,-0.050000000000000044,sl_intraday,0,IVVD,2025-02-03,1.387387227745049,18.6142043175571
2025-09-22,2025-09-22,8.0600004196167,7.657000398635864,-0.050000000000000044,sl_intraday,0,FATN,2025-09-19,0.2452725058591056,19.561752638006624
2026-01-07,2026-01-07,1.8200000524520874,1.7290000498294829,-0.050000000000000044,sl_intraday,0,ZNTL,2026-01-06,0.2992700475871299,7.537203422632528
2026-04-10,2026-04-10,4.519999980926514,4.971999979019166,0.10000000000000009,tp_intraday,0,ZNTL,2026-04-09,0.4635761934468363,12.593950067829688
2026-04-13,2026-04-13,6.40500020980835,6.084750199317932,-0.050000000000000044,sl_intraday,0,ZNTL,2026-04-10,0.4623894162405462,13.056507754018606
2025-04-08,2025-04-08,4.6785712242126465,4.444642663002014,-0.050000000000000044,sl_intraday,0,DFDV,2025-04-07,1.6419066928674333,19.708265164862823
2024-12-03,2024-12-03,2.299999952316284,2.1849999547004697,-0.050000000000000155,sl_intraday,0,FOSL,2024-12-02,0.477987330376993,15.13347699717018
2025-03-14,2025-03-14,1.6399999856948853,1.5579999864101408,-0.050000000000000155,sl_intraday,0,FOSL,2025-03-13,0.2615384968074834,7.296637856168066
2025-08-15,2025-08-15,2.450000047683716,2.6950000524520874,0.10000000000000009,tp_intraday,0,FOSL,2025-08-14,0.2051281267526057,9.923836074714243
2025-08-18,2025-08-18,3.240000009536743,3.078000009059906,-0.050000000000000044,sl_intraday,0,FOSL,2025-08-15,0.2653060588971729,8.475455539240736
2025-10-16,2025-10-16,2.359999895095825,2.595999884605408,0.10000000000000009,tp_intraday,0,FOSL,2025-10-15,0.3345196001287629,12.162369689232667
2026-05-08,2026-05-08,9.649999618530273,9.16749963760376,-0.050000000000000044,sl_intraday,0,ATRA,2026-05-07,0.2649682071098791,19.671784310293503
2024-12-23,2024-12-23,4.559999942779541,4.331999945640564,-0.050000000000000044,sl_intraday,0,SEGG,2024-12-20,0.3913042923557184,15.298732025543254
2025-02-05,2025-02-05,4.550000190734863,4.32250018119812,-0.04999999999999993,sl_intraday,0,SEGG,2025-02-04,0.9342105882319724,19.40562118713561
2026-01-21,2026-01-21,2.190000057220459,2.080500054359436,-0.050000000000000044,sl_intraday,0,SEGG,2026-01-20,0.4677419664956526,5.929158102591592
2026-04-29,2026-04-29,1.350000023841858,1.282500022649765,-0.050000000000000044,sl_intraday,0,SEGG,2026-04-28,0.3773586009057208,10.486909881263
2024-08-13,2024-08-13,2.930000066757202,2.783500063419342,-0.050000000000000044,sl_intraday,0,CING,2024-08-12,0.3507109224302289,5.709368360777337
2025-11-05,2025-11-05,2.859999895095825,2.7169999003410337,-0.050000000000000044,sl_intraday,0,STIM,2025-11-04,0.2058822468726096,5.015311652130902
2026-05-15,2026-05-18,9.289999961853027,10.218999958038331,0.10000000000000009,tp_intraday,1,FENC,2026-05-14,0.2833333355409129,9.492206297729888
2025-07-18,2025-07-18,2.0,1.9,-0.050000000000000044,sl_intraday,0,ZURA,2025-07-17,0.4961833005795937,7.341870610120093
2025-10-01,2025-10-01,4.340000152587891,4.123000144958496,-0.050000000000000044,sl_intraday,0,ZURA,2025-09-30,0.3510140489173936,10.747742272242998
2024-10-02,2024-10-02,1.7999999523162842,1.7099999547004698,-0.050000000000000044,sl_intraday,0,STTK,2024-10-01,0.3714285641300434,16.203531029225598
2025-02-25,2025-02-25,1.600000023841858,1.520000022649765,-0.050000000000000044,sl_intraday,0,STTK,2025-02-24,0.2198582051967303,6.563371220244478
2025-04-08,2025-04-08,1.0,0.95,-0.050000000000000044,sl_intraday,0,STTK,2025-04-07,0.8284105571139482,12.763738016172304
2025-09-29,2025-09-29,5.579999923706055,5.300999927520752,-0.050000000000000044,sl_intraday,0,JFB,2025-09-26,0.2779850250005893,18.96719576719577
2026-05-29,2026-05-29,2.265000104904175,2.151750099658966,-0.050000000000000155,sl_intraday,0,BRR,2026-05-28,0.2773109322266793,9.986400740007465
2025-01-27,2025-01-27,1.8300000429153442,2.0130000472068788,0.10000000000000009,tp_intraday,0,EDSA,2025-01-24,0.238888932304619,9.18226916306609
2026-02-25,2026-02-25,1.399999976158142,1.329999977350235,-0.050000000000000044,sl_intraday,0,EDSA,2026-02-24,0.5099999904632568,18.367120083003964
2026-03-02,2026-03-02,2.009999990463257,2.210999989509583,0.10000000000000009,tp_intraday,0,EDSA,2026-02-27,0.4012738689069912,5.347270529384668
2025-11-17,2025-11-17,3.5,3.3249999999999997,-0.050000000000000044,sl_intraday,0,AVXL,2025-11-14,0.2335025634637193,7.954916727811388
2025-03-03,2025-03-03,5.989999771118164,5.690499782562256,-0.050000000000000044,sl_intraday,0,ORGO,2025-02-28,0.5295566811992385,17.660580461980803
2024-10-17,2024-10-17,3.009999990463257,2.859499990940094,-0.050000000000000044,sl_intraday,0,SABS,2024-10-16,0.2798353126162964,10.719871496808556
2024-12-10,2024-12-10,4.550000190734863,4.32250018119812,-0.04999999999999993,sl_intraday,0,SABS,2024-12-09,0.4430379173805705,5.219281964257305
2025-07-09,2025-07-09,2.4600000381469727,2.70600004196167,0.10000000000000009,tp_intraday,0,SABS,2025-07-08,0.3096446123029552,7.005337750782257
2025-03-18,2025-03-18,7.119999885559082,6.763999891281127,-0.050000000000000044,sl_intraday,0,QNTM,2025-03-17,0.2890484034216873,14.363301574430706
2026-03-25,2026-03-25,4.769999980926514,4.531499981880188,-0.050000000000000044,sl_intraday,0,QNTM,2026-03-24,0.5559210784299886,6.037975852199871
2026-03-31,2026-04-01,6.420000076293945,7.0620000839233406,0.10000000000000009,tp_intraday,1,IDN,2026-03-30,0.2514619752583797,5.629348974461729
2024-09-12,2024-09-12,9.25,10.175,0.10000000000000009,tp_intraday,0,PLCE,2024-09-11,0.3362702581397538,18.40200316976287
2024-08-06,2024-08-06,2.4000000953674316,2.28000009059906,-0.050000000000000044,sl_intraday,0,XGN,2024-08-05,0.2244898207432917,8.392342527789214
2026-01-20,2026-01-20,4.795000076293945,4.5552500724792475,-0.050000000000000155,sl_intraday,0,NEOV,2026-01-16,0.2575342555233091,9.889330829006004
2024-12-20,2024-12-20,2.1500000953674316,2.04250009059906,-0.050000000000000155,sl_intraday,0,NGEN,2024-12-19,0.2040134059282898,7.231525689446305
2025-01-08,2025-01-08,2.430000066757202,2.3085000634193418,-0.050000000000000155,sl_intraday,0,LIDR,2025-01-07,0.2105263056288695,7.23965655531253
2025-07-28,2025-07-28,5.340000152587891,5.073000144958496,-0.04999999999999993,sl_intraday,0,LIDR,2025-07-25,0.2817918768448153,8.992025608302956
2024-11-13,2024-11-13,4.570000171661377,4.341500163078308,-0.050000000000000044,sl_intraday,0,AMTX,2024-11-12,0.2386058611084585,5.03880121074725
2026-03-13,2026-03-13,1.9199999570846558,2.1119999527931217,0.10000000000000009,tp_intraday,0,AMTX,2026-03-12,0.2799999713897705,5.549411410485192
2025-01-07,2025-01-07,3.450000047683716,3.2775000452995298,-0.050000000000000044,sl_intraday,0,AIMD,2025-01-06,0.3426229030206227,14.70582116978123
2026-05-27,2026-05-27,2.369999885559082,2.251499891281128,-0.050000000000000044,sl_intraday,0,AIMD,2026-05-26,1.0653595718438562,19.23265899997202
2025-12-05,2025-12-05,7.360000133514404,6.9920001268386835,-0.050000000000000044,sl_intraday,0,QCLS,2025-12-04,0.2627737321548262,12.453316663337857
2026-01-26,2026-01-26,5.789999961853027,5.500499963760376,-0.050000000000000044,sl_intraday,0,QCLS,2026-01-23,0.3863080353936738,13.53256421764038
2026-03-09,2026-03-09,4.260000228881836,4.047000217437744,-0.050000000000000044,sl_intraday,0,QCLS,2026-03-06,0.3157894443313545,13.129403863106196
2026-05-15,2026-05-15,4.775000095367432,4.53625009059906,-0.050000000000000044,sl_intraday,0,QCLS,2026-05-14,0.2331731496654345,6.630594662744274
2024-10-21,2024-10-21,4.079999923706055,3.875999927520752,-0.050000000000000044,sl_intraday,0,RKDA,2024-10-18,0.2571428311925363,6.679334916864608
2025-10-09,2025-10-09,4.440000057220459,4.218000054359436,-0.050000000000000044,sl_intraday,0,RKDA,2025-10-08,0.290697669583182,19.37057361286994
2025-11-03,2025-11-03,3.2100000381469727,3.049500036239624,-0.050000000000000044,sl_intraday,0,TJGC,2025-10-31,0.2052116937797687,12.8102573872446
2025-12-22,2025-12-22,2.7300000190734863,3.0030000209808354,0.10000000000000009,tp_intraday,0,TJGC,2025-12-19,0.3293413686583066,10.585774058577408
2025-12-23,2025-12-23,3.359999895095825,3.1919999003410338,-0.050000000000000044,sl_intraday,0,TJGC,2025-12-22,0.2307691837438703,9.69913879879208
2025-07-18,2025-07-18,4.010000228881836,3.809500217437744,-0.050000000000000044,sl_intraday,0,SPAI,2025-07-17,0.3181818083298107,8.323219909363239
2026-03-26,2026-03-26,1.090000033378601,1.035500031709671,-0.050000000000000044,sl_intraday,0,ASBP,2026-03-25,0.3565426043337085,12.936580283891132
2024-11-11,2024-11-11,5.199999809265137,4.93999981880188,-0.050000000000000044,sl_intraday,0,API,2024-11-08,0.4779005728632228,5.377584523915165
2025-03-13,2025-03-13,6.329999923706055,6.962999916076661,0.10000000000000009,tp_intraday,0,OPRX,2025-03-12,0.2948454295452438,17.5353839742254
2026-04-02,2026-04-02,3.5399999618530273,3.362999963760376,-0.050000000000000044,sl_intraday,0,AGPU,2026-04-01,0.9243242685946352,19.829552915445937
2024-08-20,2024-08-20,2.880000114440918,2.736000108718872,-0.050000000000000044,sl_intraday,0,AIXI,2024-08-19,0.3080000347561307,6.419250464449413
2024-08-26,2024-08-26,4.309999942779541,4.094499945640564,-0.050000000000000044,sl_intraday,0,AIXI,2024-08-23,0.334365299482521,7.237603871491296
2025-08-27,2025-08-27,1.7999999523162842,1.7099999547004698,-0.050000000000000044,sl_intraday,0,AIXI,2025-08-26,0.2147650544930461,5.376714435082109
2026-04-08,2026-04-08,1.659999966621399,1.5769999682903288,-0.050000000000000044,sl_intraday,0,AIXI,2026-04-07,0.7567567770748727,5.2158168374018485
2024-10-29,2024-10-30,1.4500000476837158,1.559999942779541,0.07586199412306449,time_exit,1,MDAI,2024-10-28,0.2142857007699217,6.613510160079735
2026-04-01,2026-04-01,7.0,6.6499999999999995,-0.050000000000000044,sl_intraday,0,ELAB,2026-03-31,0.5164556199513735,5.25345869049743
2025-07-23,2025-07-23,7.679999828338623,7.295999836921691,-0.050000000000000044,sl_intraday,0,FLWS,2025-07-22,0.2788462190938443,6.447447761314027
2025-12-10,2025-12-10,4.71999979019165,4.483999800682068,-0.04999999999999993,sl_intraday,0,FLWS,2025-12-09,0.3000000313708661,6.732289575806236
2026-01-20,2026-01-20,2.950000047683716,2.80250004529953,-0.04999999999999993,sl_intraday,0,TYGO,2026-01-16,0.2938596862725169,6.795099115902105
2026-01-05,2026-01-05,3.200000047683716,3.04000004529953,-0.050000000000000044,sl_intraday,0,SKYQ,2026-01-02,0.8658007909613559,16.960326981529946
2026-01-07,2026-01-07,5.599999904632568,5.31999990940094,-0.050000000000000044,sl_intraday,0,SKYQ,2026-01-06,0.7176470155121963,17.895535860823895
2026-05-08,2026-05-08,6.820000171661377,6.479000163078307,-0.050000000000000155,sl_intraday,0,BNZI,2026-05-07,0.3291666376921878,8.23786172861758
2024-12-09,2024-12-10,8.369999885559082,7.951499891281127,-0.050000000000000044,sl_intraday,1,NNOX,2024-12-06,0.2039274815664979,5.034637122254573
2025-11-24,2025-11-24,4.235000133514404,4.0232501268386835,-0.050000000000000155,sl_intraday,0,NNOX,2025-11-21,0.2351275265868799,6.024074467117432
2024-12-23,2024-12-23,3.200000047683716,3.04000004529953,-0.050000000000000044,sl_intraday,0,WHWK,2024-12-20,0.3452381470486334,14.703787685232498
2024-11-19,2024-11-20,8.5,9.430000305175781,0.10941180060891553,tp_gap,1,NEXN,2024-11-18,0.2039999643961587,7.778922639409801
2024-08-15,2024-08-15,5.567155784170514,6.123871362587566,0.10000000000000009,tp_intraday,0,SIGA,2024-08-14,0.2494781171562028,10.349054970649796
2024-08-16,2024-08-16,8.018306707728193,8.820137378501013,0.10000000000000009,tp_intraday,0,SIGA,2024-08-15,0.3841726833912329,7.990440724815725
2026-05-28,2026-05-28,4.309999942779541,4.094499945640564,-0.050000000000000044,sl_intraday,0,VTIX,2026-05-27,0.2262569720786531,11.75898898488663
2026-03-24,2026-03-24,4.170000076293945,3.961500072479248,-0.050000000000000044,sl_intraday,0,PMAX,2026-03-23,0.2823529444763817,8.89988159042752
2026-05-07,2026-05-07,4.150000095367432,3.9425000905990597,-0.050000000000000044,sl_intraday,0,PMAX,2026-05-06,0.4475524539649969,15.659844806896883
2025-04-09,2025-04-09,6.940000057220459,7.634000062942506,0.10000000000000009,tp_intraday,0,SKK,2025-04-08,0.2499999813735487,6.558883101851852
2026-03-23,2026-03-23,2.7300000190734863,2.593500018119812,-0.050000000000000044,sl_intraday,0,SKK,2026-03-20,0.2343095892048061,13.117533127504938
2026-06-02,2026-06-02,3.009999990463257,3.310999989509583,0.10000000000000009,tp_intraday,0,FOFO,2026-06-01,0.387850412625667,13.556136885377182
2026-06-04,2026-06-04,7.539999961853027,7.162999963760376,-0.050000000000000044,sl_intraday,0,FOFO,2026-06-03,0.3559670723347232,6.525848624093284
2025-04-23,2025-04-23,3.0,2.8499999999999996,-0.050000000000000155,sl_intraday,0,AGEN,2025-04-22,0.2317596478690495,6.841022406439599
2026-03-11,2026-03-11,5.150000095367432,4.89250009059906,-0.050000000000000044,sl_intraday,0,VYGR,2026-03-10,0.2165449726456745,6.924493057569239
2024-10-31,2024-10-31,1.2400000095367432,1.1780000090599059,-0.050000000000000155,sl_intraday,0,SPRO,2024-10-30,0.2403846242018708,7.516908848552668
2026-02-11,2026-02-11,7.150000095367432,6.792500090599059,-0.050000000000000044,sl_intraday,0,QNCX,2026-02-10,0.8657245060607184,18.338483698209025
2026-04-08,2026-04-08,3.3399999141693115,3.172999918460846,-0.050000000000000044,sl_intraday,0,QNCX,2026-04-07,0.7340425525169234,10.762597451491889
2025-08-21,2025-08-21,4.965000152587891,4.716750144958496,-0.050000000000000044,sl_intraday,0,CNTN,2025-08-20,1.5371024812382266,19.86845751498147
2025-06-24,2025-06-24,1.8600000143051147,1.767000013589859,-0.050000000000000044,sl_intraday,0,SY,2025-06-23,0.3833332505491078,11.846009059087184
2026-04-01,2026-04-01,3.0299999713897705,3.332999968528748,0.10000000000000009,tp_intraday,0,IMDX,2026-03-31,0.3119999885559081,5.76455121309908
2025-03-07,2025-03-07,1.25,1.1875,-0.050000000000000044,sl_intraday,0,ALXO,2025-03-06,0.2242989519275751,11.611965101786456
2025-10-24,2025-10-24,2.3499999046325684,2.2324999094009397,-0.050000000000000155,sl_intraday,0,NMRA,2025-10-23,0.305084727498337,13.75025063436422
2026-02-11,2026-02-11,2.930000066757202,2.783500063419342,-0.050000000000000044,sl_intraday,0,NMRA,2026-02-10,0.22540981123698,5.271231459466987
2025-09-15,2025-09-15,5.070000171661377,4.816500163078308,-0.050000000000000044,sl_intraday,0,EVTV,2025-09-12,0.4945054561174451,7.342198428460409
2026-01-13,2026-01-13,3.3299999237060547,3.1634999275207516,-0.050000000000000155,sl_intraday,0,EVTV,2026-01-12,1.182608732609308,12.544436383609373
2026-03-19,2026-03-19,1.9199999570846558,2.1119999527931217,0.10000000000000009,tp_intraday,0,EVTV,2026-03-18,0.3066666920979817,5.300510090929253
2024-12-05,2024-12-05,5.070000171661377,4.816500163078308,-0.050000000000000044,sl_intraday,0,VFS,2024-12-04,0.2487685327873117,6.924740639695588
2025-05-20,2025-05-20,5.579999923706055,5.300999927520752,-0.050000000000000044,sl_intraday,0,AISP,2025-05-19,0.2121896373916985,5.87018323727806
2024-09-10,2024-09-10,2.6700000762939453,2.536500072479248,-0.04999999999999993,sl_intraday,0,BAER,2024-09-09,0.3157894901951927,7.540203478831637
2025-07-09,2025-07-09,5.809999942779541,5.519499945640564,-0.050000000000000044,sl_intraday,0,PROK,2025-07-08,1.9370079331436747,18.25746506203441
2025-09-12,2025-09-12,3.0,2.8499999999999996,-0.050000000000000155,sl_intraday,0,PROK,2025-09-11,0.3484162749481845,6.370450106586255
2025-08-12,2025-08-12,4.909999847412109,4.6644998550415036,-0.050000000000000044,sl_intraday,0,PBYI,2025-08-11,0.3037634051966662,7.048846675712348
2024-11-04,2024-11-04,3.049999952316284,3.354999947547913,0.10000000000000009,tp_intraday,0,EPRX,2024-11-01,0.2109374898136591,11.853932584269662
2024-10-14,2024-10-14,14.0,13.299999999999999,-0.050000000000000044,sl_intraday,0,TONX,2024-10-11,0.518234124663354,16.312529014620615
2025-04-07,2025-04-07,3.8499999046325684,4.234999895095825,0.10000000000000009,tp_intraday,0,SOBR,2025-04-04,0.5358254734428445,9.097847330204424
2025-04-08,2025-04-08,5.639999866485596,5.357999873161316,-0.04999999999999993,sl_intraday,0,SOBR,2025-04-07,0.270129866912888,6.806432034397782
2025-12-08,2025-12-09,2.0199999809265137,1.9600000381469727,-0.029702942250534492,time_exit,1,SOBR,2025-12-05,0.3157894901951927,11.190907116484471
2025-12-26,2025-12-26,2.1600000858306885,2.052000081539154,-0.04999999999999993,sl_intraday,0,SOBR,2025-12-24,0.2216493895132696,19.687918279631987
2026-01-30,2026-01-30,9.119999885559082,8.663999891281128,-0.050000000000000044,sl_intraday,0,ANL,2026-01-29,0.8446328475072058,16.435196270932106
2024-12-17,2024-12-17,2.9100000858306885,2.764500081539154,-0.050000000000000044,sl_intraday,0,RMNI,2024-12-16,0.3367346094728078,7.802339970750365
2025-12-17,2025-12-18,5.375,5.10625,-0.04999999999999993,sl_intraday,1,ALDX,2025-12-16,0.3443037667539601,5.745209571752742
2024-12-02,2024-12-02,2.4600000381469727,2.337000036239624,-0.050000000000000044,sl_intraday,0,MOB,2024-11-29,0.2156863065922738,7.697686928456159
2025-03-28,2025-03-31,1.9900000095367432,1.7999999523162842,-0.0954774152311133,sl_gap,1,NKTX,2025-03-27,0.2875817421230318,11.870085291603312
2025-08-11,2025-08-12,2.200000047683716,2.0900000452995298,-0.050000000000000155,sl_intraday,1,ALEC,2025-08-08,0.3190184672742342,9.691107745916987
2026-04-20,2026-04-20,3.7200000286102295,3.534000027179718,-0.050000000000000044,sl_intraday,0,FRMM,2026-04-17,0.434782591361162,16.107947343732846
2025-06-04,2025-06-05,1.7599999904632568,1.671999990940094,-0.050000000000000044,sl_intraday,1,CGEN,2025-06-03,0.2200000286102295,5.869501743297322
2025-04-16,2025-04-16,4.190000057220459,3.9805000543594358,-0.050000000000000044,sl_intraday,0,KSCP,2025-04-15,0.4214046777406115,5.594942123132034
2024-08-13,2024-08-13,2.509999990463257,2.384499990940094,-0.050000000000000044,sl_intraday,0,WKEY,2024-08-12,0.2437811004286671,12.782122905027933
2024-08-14,2024-08-14,2.700000047683716,2.56500004529953,-0.050000000000000044,sl_intraday,0,WKEY,2024-08-13,0.2270916077324749,16.414792972109595
2024-12-13,2024-12-13,3.299999952316284,3.6299999475479128,0.10000000000000009,tp_intraday,0,WKEY,2024-12-12,0.2862745226369094,14.404491737690588
2024-12-16,2024-12-16,9.0,9.9,0.10000000000000009,tp_intraday,0,WKEY,2024-12-13,1.3757576563251042,17.292853479383805
2025-10-15,2025-10-15,10.050000190734863,9.547500181198119,-0.050000000000000155,sl_intraday,0,WKEY,2025-10-14,0.2153845269769392,6.668200831156174
2026-03-09,2026-03-09,4.355000019073486,4.137250018119812,-0.04999999999999993,sl_intraday,0,CRE,2026-03-06,0.2080000559488932,19.001123374046852
2026-05-05,2026-05-05,3.75,3.5625,-0.050000000000000044,sl_intraday,0,CRE,2026-05-04,0.3249097839583372,19.764397232439105
2025-06-04,2025-06-04,2.509999990463257,2.384499990940094,-0.050000000000000044,sl_intraday,0,BMEA,2025-06-03,0.5759493303191994,16.473820309968364
2025-10-07,2025-10-07,1.9800000190734863,1.8810000181198119,-0.050000000000000044,sl_intraday,0,BMEA,2025-10-06,0.2304147384427421,10.711767388233724
2026-04-09,2026-04-09,2.3299999237060547,2.213499927520752,-0.050000000000000044,sl_intraday,0,UCAR,2026-04-08,1.713797245517724,11.05100447681736
2026-02-27,2026-02-27,3.5,3.3249999999999997,-0.050000000000000044,sl_intraday,0,ANNA,2026-02-26,0.2884615490422451,10.354846391998096
2026-03-23,2026-03-23,6.090000152587891,5.785500144958496,-0.050000000000000044,sl_intraday,0,ANNA,2026-03-20,0.7763819441657236,17.899497074472826
2024-12-11,2024-12-11,2.0299999713897705,1.9284999728202818,-0.050000000000000044,sl_intraday,0,TROO,2024-12-10,0.4233128466439768,16.23229731014162
2025-07-15,2025-07-15,0.8899999856948853,0.8454999864101409,-0.050000000000000044,sl_intraday,0,TROO,2025-07-14,0.9705882636527284,19.928353671554103
2025-07-25,2025-07-25,1.809999942779541,1.719499945640564,-0.050000000000000044,sl_intraday,0,XFOR,2025-07-24,0.2119205658762379,10.041425548729192
2025-08-13,2025-08-13,3.190000057220459,3.030500054359436,-0.050000000000000044,sl_intraday,0,XFOR,2025-08-12,0.491329419226129,14.47589320484668
2025-02-28,2025-02-28,5.050000190734863,4.79750018119812,-0.050000000000000044,sl_intraday,0,IBIO,2025-02-27,0.3324538895947084,7.679252567369315
2025-10-23,2025-10-23,1.7000000476837158,1.61500004529953,-0.050000000000000044,sl_intraday,0,IBIO,2025-10-22,0.3495145867036964,5.329190292764234
2025-12-11,2025-12-11,2.7300000190734863,2.593500018119812,-0.050000000000000044,sl_intraday,0,IBIO,2025-12-10,0.2772726735792881,5.415749356738937
2024-09-06,2024-09-06,1.1399999856948853,1.082999986410141,-0.050000000000000044,sl_intraday,0,TRON,2024-09-05,0.4022988757741923,15.15689279664435
2025-06-13,2025-06-13,1.2000000476837158,1.14000004529953,-0.050000000000000044,sl_intraday,0,TRON,2025-06-12,0.3563217713568578,5.121662352398851
2025-06-17,2025-06-17,8.859999656677246,8.416999673843383,-0.050000000000000044,sl_intraday,0,TRON,2025-06-16,0.664855002198893,18.813086402661135
2026-06-02,2026-06-02,1.7699999809265137,1.681499981880188,-0.050000000000000044,sl_intraday,0,WALD,2026-06-01,0.3260869922018983,11.82867169180145
2025-02-27,2025-02-27,1.5499999523162842,1.4724999547004698,-0.050000000000000155,sl_intraday,0,PDSB,2025-02-26,0.2833332505491077,9.317660919910532
2024-12-23,2024-12-23,1.3049999475479126,1.239749950170517,-0.050000000000000044,sl_intraday,0,PRLD,2024-12-20,0.3874066005689094,6.497831032691787
2025-11-04,2025-11-04,2.119999885559082,2.0139998912811277,-0.050000000000000155,sl_intraday,0,PRLD,2025-11-03,1.518987285424228,17.633424046807132
2024-11-12,2024-11-12,2.1500000953674316,2.365000104904175,0.10000000000000009,tp_intraday,0,CD,2024-11-11,0.559999942779541,19.155034963132263
2025-07-25,2025-07-25,2.799999952316284,2.65999995470047,-0.050000000000000044,sl_intraday,0,CD,2025-07-24,0.5906735837704393,7.78293194382665
2026-05-27,2026-05-28,8.949999809265137,9.239999771118164,0.03240223106516904,time_exit,1,ECOR,2026-05-26,0.3122238435153868,6.3621382222679985
2024-12-31,2024-12-31,1.409999966621399,1.339499968290329,-0.04999999999999993,sl_intraday,0,PETZ,2024-12-30,0.2946428942056942,6.8023255813953485
2024-10-09,2024-10-09,2.809999942779541,2.6694999456405637,-0.050000000000000044,sl_intraday,0,TURB,2024-10-08,0.6809816058602995,19.25091175245763
2026-03-03,2026-03-03,1.2999999523162842,1.4299999475479128,0.10000000000000009,tp_intraday,0,TURB,2026-03-02,0.2017544052277247,19.44089736697453
2026-05-29,2026-05-29,1.3899999856948853,1.320499986410141,-0.050000000000000044,sl_intraday,0,TURB,2026-05-28,0.3027522143124856,5.924664356001753
2025-06-04,2025-06-04,1.7999999523162842,1.9799999475479129,0.10000000000000009,tp_intraday,0,NBP,2025-06-03,0.4609375363797889,8.982271831910703
2025-06-06,2025-06-06,2.5,2.375,-0.050000000000000044,sl_intraday,0,NBP,2025-06-05,0.2180850891815478,5.125732159833175
2025-10-02,2025-10-02,7.869999885559082,8.656999874114991,0.10000000000000009,tp_intraday,0,QH,2025-10-01,0.2366412436029203,5.94266734060221
2025-11-13,2025-11-13,1.1399999856948853,1.2539999842643739,0.10000000000000009,tp_intraday,0,QH,2025-11-12,0.4219653242919863,9.632144446806056
2026-05-29,2026-05-29,7.800000190734863,7.41000018119812,-0.050000000000000044,sl_intraday,0,QH,2026-05-28,0.9305019944773418,10.562060889929745
2025-04-03,2025-04-03,4.699999809265137,4.464999818801879,-0.050000000000000155,sl_intraday,0,TTEC,2025-04-02,0.2260441180967427,13.514718369657515
2025-10-14,2025-10-14,6.414999961853027,6.094249963760376,-0.050000000000000044,sl_intraday,0,FNUC,2025-10-13,0.2584746443345227,5.514022850254379
2024-08-14,2024-08-15,2.671999931335449,2.7669999599456787,0.03555390383664747,time_exit,1,MRM,2024-08-13,0.2775330923940271,6.825633383010432
2025-05-21,2025-05-21,1.190000057220459,1.309000062942505,0.10000000000000009,tp_intraday,0,MRM,2025-05-20,0.7567566696791177,18.82711403530069
2025-05-22,2025-05-22,1.7799999713897705,1.6909999728202818,-0.050000000000000044,sl_intraday,0,MRM,2025-05-21,0.4957982233609324,9.718811187498828
2025-08-11,2025-08-11,2.240000009536743,2.464000010490418,0.10000000000000009,tp_intraday,0,MRM,2025-08-08,0.3596059257940367,18.505579240499618
2025-09-16,2025-09-16,6.199999809265137,5.889999818801879,-0.050000000000000155,sl_intraday,0,RCEL,2025-09-15,0.2268602446598566,15.811893052098169
2024-11-12,2024-11-12,1.8592035116933685,2.0451238628627055,0.10000000000000009,tp_intraday,0,BTCS,2024-11-11,0.2533333301544189,5.671207012811868
2024-11-13,2024-11-13,3.549298699313079,3.3718337643474245,-0.050000000000000155,sl_intraday,0,BTCS,2024-11-12,0.5319149583753497,18.39167202479348
2025-01-21,2025-01-21,3.822245408284895,3.63113313787065,-0.050000000000000044,sl_intraday,0,BTCS,2025-01-17,0.2310344192559335,10.75838573717733
2025-05-12,2025-05-12,2.284446866472322,2.170224523148706,-0.04999999999999993,sl_intraday,0,BTCS,2025-05-09,0.5170731548465903,10.538915812610895
2025-07-09,2025-07-09,5.0040265484097635,4.753825220989275,-0.050000000000000044,sl_intraday,0,BTCS,2025-07-08,0.9601988861622096,16.916742673306153
2025-04-10,2025-04-10,3.259999990463257,3.585999989509583,0.10000000000000009,tp_intraday,0,LICN,2025-04-09,0.2505016956823671,8.887108832639111
2025-05-14,2025-05-14,6.059999942779541,5.756999945640564,-0.050000000000000044,sl_intraday,0,LICN,2025-05-13,0.2071562931235679,15.09679321784003
2025-08-05,2025-08-05,5.019999980926514,4.768999981880188,-0.050000000000000044,sl_intraday,0,LICN,2025-08-04,0.4060150676956391,16.33957724694965
2025-12-08,2025-12-08,4.369999885559082,4.151499891281127,-0.050000000000000155,sl_intraday,0,LICN,2025-12-05,0.3657718609434046,17.252799618775317
2026-03-24,2026-03-24,5.460000038146973,5.187000036239624,-0.050000000000000044,sl_intraday,0,LICN,2026-03-23,0.491525431947782,16.2673031026253
2025-06-16,2025-06-16,2.859999895095825,2.7169999003410337,-0.050000000000000044,sl_intraday,0,KLXE,2025-06-13,0.2155172475807449,6.04735420308279
2025-06-18,2025-06-18,6.920000076293945,6.574000072479247,-0.050000000000000155,sl_intraday,0,WTF,2025-06-17,0.3399999618530274,8.359296841503502
2025-10-22,2025-10-22,1.4199999570846558,1.348999959230423,-0.050000000000000044,sl_intraday,0,NAUT,2025-10-21,0.2188841232458327,6.113065961624448
2025-12-22,2025-12-22,2.940000057220459,2.7930000543594358,-0.050000000000000044,sl_intraday,0,GANX,2025-12-19,0.2079831351921433,5.890467482533877
2024-11-29,2024-11-29,5.510000228881836,6.06100025177002,0.10000000000000009,tp_intraday,0,HURA,2024-11-27,0.2625000476837158,14.098835430645918
2025-03-20,2025-03-20,3.630000114440918,3.448500108718872,-0.050000000000000044,sl_intraday,0,HURA,2025-03-19,0.3368054693219873,5.189046288906624
2025-08-12,2025-08-12,3.390000104904175,3.220500099658966,-0.050000000000000044,sl_intraday,0,HURA,2025-08-11,0.3090128979339239,12.497633096483597
2026-02-11,2026-02-11,1.4800000190734863,1.406000018119812,-0.050000000000000044,sl_intraday,0,HURA,2026-02-10,0.5476190391716771,7.67946688125184
2024-12-11,2024-12-11,2.609999895095825,2.870999884605408,0.10000000000000009,tp_intraday,0,MTEK,2024-12-10,0.2171052108239792,5.10048266783677
2024-12-19,2024-12-19,4.75,4.5125,-0.04999999999999993,sl_intraday,0,MTEK,2024-12-18,0.2346369191310802,9.637285836454248
2025-09-29,2025-09-29,2.2699999809265137,2.156499981880188,-0.050000000000000044,sl_intraday,0,MTEK,2025-09-26,0.2074928019232889,7.143843725335438
2026-03-10,2026-03-10,9.100000381469727,8.64500036239624,-0.04999999999999993,sl_intraday,0,RNAC,2026-03-09,0.3770992664279131,10.68077511473738
2026-03-11,2026-03-11,5.53000020980835,6.083000230789185,0.10000000000000009,tp_intraday,0,PLYX,2026-03-10,0.8145896229218088,5.716556309538898
2025-06-23,2025-06-23,9.539999961853027,9.062999963760376,-0.050000000000000044,sl_intraday,0,PXLW,2025-06-20,0.4088234786756326,9.438378162125662
2025-08-29,2025-08-29,10.65999984741211,10.126999855041504,-0.050000000000000044,sl_intraday,0,PXLW,2025-08-28,0.2260441180967427,6.09056467616814
2025-09-17,2025-09-17,1.9800000190734863,1.8810000181198119,-0.050000000000000044,sl_intraday,0,PEPG,2025-09-16,0.2125000176951286,6.174300942376023
2025-09-25,2025-09-25,5.900000095367432,5.60500009059906,-0.04999999999999993,sl_intraday,0,PEPG,2025-09-24,0.3641025747616455,14.611353823683906
2026-04-17,2026-04-17,3.2699999809265137,3.1064999818801877,-0.050000000000000044,sl_intraday,0,DARE,2026-04-16,0.5027624942535851,12.072591206735266
2026-01-05,2026-01-05,4.320000171661377,4.104000163078308,-0.04999999999999993,sl_intraday,0,EEIQ,2026-01-02,0.2186046053874557,10.798854117561737
2026-03-27,2026-03-27,6.25,6.875000000000001,0.10000000000000009,tp_intraday,0,EEIQ,2026-03-26,0.7620041017950778,19.838068444479667
2025-12-22,2025-12-22,2.8499999046325684,2.7074999094009398,-0.050000000000000044,sl_intraday,0,HEPS,2025-12-19,0.3651451637683311,10.404158078680885
2024-08-07,2024-08-07,5.599999904632568,5.31999990940094,-0.050000000000000044,sl_intraday,0,CLNN,2024-08-06,0.4271845334391326,15.8156931351662
2025-06-03,2025-06-03,4.619999885559082,4.388999891281128,-0.04999999999999993,sl_intraday,0,CLNN,2025-06-02,0.5555555387359032,7.154280338664158
2024-10-28,2024-10-28,3.319999933242798,3.1539999365806577,-0.050000000000000044,sl_intraday,0,LINK,2024-10-25,0.2693331718444824,19.23227416852189
2025-01-22,2025-01-22,6.533332824707031,6.206666183471679,-0.050000000000000155,sl_intraday,0,LINK,2025-01-21,0.223225764414525,5.221951676343885
2025-01-27,2025-01-27,5.21999979019165,4.958999800682068,-0.050000000000000044,sl_intraday,0,LTRN,2025-01-24,0.2765957614700471,10.4246426188051
2024-11-21,2024-11-21,1.2999999523162842,1.23499995470047,-0.050000000000000044,sl_intraday,0,ANTX,2024-11-20,0.2149531669060322,7.1346156317054055
2026-01-09,2026-01-12,1.3200000524520874,1.254000049829483,-0.050000000000000044,sl_intraday,1,ANTX,2026-01-08,0.2000000216744157,9.874055415617129
2026-03-06,2026-03-06,1.7100000381469727,1.624500036239624,-0.050000000000000044,sl_intraday,0,ANTX,2026-03-05,0.2954545228770293,9.109362054681029
2026-03-09,2026-03-09,3.0199999809265137,3.321999979019165,0.10000000000000009,tp_intraday,0,ANTX,2026-03-06,0.6666665737159556,13.557491526082185
2026-03-10,2026-03-10,4.760000228881836,4.522000217437744,-0.050000000000000155,sl_intraday,0,ANTX,2026-03-09,0.7384106070058116,17.00055281915775
2026-03-25,2026-03-25,5.119999885559082,4.863999891281128,-0.050000000000000044,sl_intraday,0,CVV,2026-03-24,0.2635468440250366,18.031092747126127
2025-07-03,2025-07-03,3.0199999809265137,2.868999981880188,-0.050000000000000044,sl_intraday,0,LIXT,2025-07-02,0.5419847856180082,14.48995122099704
2026-05-06,2026-05-06,4.550000190734863,4.32250018119812,-0.04999999999999993,sl_intraday,0,LIXT,2026-05-05,0.3483483105072,5.074201590882108
2024-11-22,2024-11-22,8.0,7.6,-0.050000000000000044,sl_intraday,0,BCTX,2024-11-21,0.2741936029678344,5.602777987468861
2025-01-03,2025-01-06,5.449999809265137,5.659999847412109,0.03853211843970472,time_exit,1,OBIO,2025-01-02,0.2311213398928087,11.035944878095789
